GDP Value,Cost,pte_value,se_value,Sex_Index,TIME_Index,GDPsubject,Impexp_Index,Country_Index
1102723.05,246949.7,38.14,7.89,1,1,0,0,30
1102723.05,246949.7,13.65,11.97,2,1,0,0,30
1102723.05,246949.7,24.88,10.1,0,1,0,0,30
1102723.05,254201.7,38.14,7.89,1,1,0,1,30
1102723.05,254201.7,13.65,11.97,2,1,0,1,30
1102723.05,254201.7,24.88,10.1,0,1,0,1,30
1116293.11,238300.4,38.33,7.98,1,0,0,0,30
1116293.11,238300.4,14.03,12.05,2,0,0,0,30
1116293.11,238300.4,25.21,10.18,0,0,0,0,30
1116293.11,240425.8,38.33,7.98,1,0,0,1,30
1116293.11,240425.8,14.03,12.05,2,0,0,1,30
1116293.11,240425.8,25.21,10.18,0,0,0,1,30
1128361.01,207262.8,37.97,8.15,1,2,0,0,30
1128361.01,207262.8,14.29,12.11,2,2,0,0,30
1128361.01,207262.8,25.24,10.28,0,2,0,0,30
1128361.01,188096.6,37.97,8.15,1,2,0,1,30
1128361.01,188096.6,14.29,12.11,2,2,0,1,30
1128361.01,188096.6,25.24,10.28,0,2,0,1,30
1181218.13,198519,38.35,8.13,1,3,0,0,30
1181218.13,198519,15.06,11.71,2,3,0,0,30
1181218.13,198519,25.9,10.04,0,3,0,0,30
1181218.13,192569.5,38.35,8.13,1,3,0,1,30
1181218.13,192569.5,15.06,11.71,2,3,0,1,30
1181218.13,192569.5,25.9,10.04,0,3,0,1,30
46972.96,246949.7,38.14,7.89,1,1,0,0,30
46972.96,246949.7,13.65,11.97,2,1,0,0,30
46972.96,246949.7,24.88,10.1,0,1,0,0,30
46972.96,254201.7,38.14,7.89,1,1,0,1,30
46972.96,254201.7,13.65,11.97,2,1,0,1,30
46972.96,254201.7,24.88,10.1,0,1,0,1,30
46871.56,238300.4,38.33,7.98,1,0,0,0,30
46871.56,238300.4,14.03,12.05,2,0,0,0,30
46871.56,238300.4,25.21,10.18,0,0,0,0,30
46871.56,240425.8,38.33,7.98,1,0,0,1,30
46871.56,240425.8,14.03,12.05,2,0,0,1,30
46871.56,240425.8,25.21,10.18,0,0,0,1,30
46644.03,207262.8,37.97,8.15,1,2,0,0,30
46644.03,207262.8,14.29,12.11,2,2,0,0,30
46644.03,207262.8,25.24,10.28,0,2,0,0,30
46644.03,188096.6,37.97,8.15,1,2,0,1,30
46644.03,188096.6,14.29,12.11,2,2,0,1,30
46644.03,188096.6,25.24,10.28,0,2,0,1,30
48021.88,198519,38.35,8.13,1,3,0,0,30
48021.88,198519,15.06,11.71,2,3,0,0,30
48021.88,198519,25.9,10.04,0,3,0,0,30
48021.88,192569.5,38.35,8.13,1,3,0,1,30
48021.88,192569.5,15.06,11.71,2,3,0,1,30
48021.88,192569.5,25.9,10.04,0,3,0,1,30
406370.24,165526.9,33.42,10.55,1,1,0,0,7
406370.24,165526.9,7.9,15.54,2,1,0,0,7
406370.24,165526.9,19.86,13.2,0,1,0,0,7
406370.24,164204.7,33.42,10.55,1,1,0,1,7
406370.24,164204.7,7.9,15.54,2,1,0,1,7
406370.24,164204.7,19.86,13.2,0,1,0,1,7
416955.05,166206.5,34.93,10.52,1,0,0,0,7
416955.05,166206.5,8.47,15.75,2,0,0,0,7
416955.05,166206.5,20.94,13.29,0,0,0,0,7
416955.05,167318.3,34.93,10.52,1,0,0,1,7
416955.05,167318.3,8.47,15.75,2,0,0,1,7
416955.05,167318.3,20.94,13.29,0,0,0,1,7
431124.37,140503.4,34.98,10.39,1,2,0,0,7
431124.37,140503.4,8.58,15.33,2,2,0,0,7
431124.37,140503.4,21.03,13,0,2,0,0,7
431124.37,142823,34.98,10.39,1,2,0,1,7
431124.37,142823,8.58,15.33,2,2,0,1,7
431124.37,142823,21.03,13,0,2,0,1,7
441389.29,142235.6,34.71,10.04,1,3,0,0,7
441389.29,142235.6,8.57,15.1,2,3,0,0,7
441389.29,142235.6,20.89,12.72,0,3,0,0,7
441389.29,142571.8,34.71,10.04,1,3,0,1,7
441389.29,142571.8,8.57,15.1,2,3,0,1,7
441389.29,142571.8,20.89,12.72,0,3,0,1,7
461582.96,157799.4,34.75,9.85,1,4,0,0,7
461582.96,157799.4,8.63,14.63,2,4,0,0,7
461582.96,157799.4,20.94,12.38,0,4,0,0,7
461582.96,156436.6,34.75,9.85,1,4,0,1,7
461582.96,156436.6,8.63,14.63,2,4,0,1,7
461582.96,156436.6,20.94,12.38,0,4,0,1,7
47936.68,165526.9,33.42,10.55,1,1,0,0,7
47936.68,165526.9,7.9,15.54,2,1,0,0,7
47936.68,165526.9,19.86,13.2,0,1,0,0,7
47936.68,164204.7,33.42,10.55,1,1,0,1,7
47936.68,164204.7,7.9,15.54,2,1,0,1,7
47936.68,164204.7,19.86,13.2,0,1,0,1,7
48801.31,166206.5,34.93,10.52,1,0,0,0,7
48801.31,166206.5,8.47,15.75,2,0,0,0,7
48801.31,166206.5,20.94,13.29,0,0,0,0,7
48801.31,167318.3,34.93,10.52,1,0,0,1,7
48801.31,167318.3,8.47,15.75,2,0,0,1,7
48801.31,167318.3,20.94,13.29,0,0,0,1,7
49959.26,140503.4,34.98,10.39,1,2,0,0,7
49959.26,140503.4,8.58,15.33,2,2,0,0,7
49959.26,140503.4,21.03,13,0,2,0,0,7
49959.26,142823,34.98,10.39,1,2,0,1,7
49959.26,142823,8.58,15.33,2,2,0,1,7
49959.26,142823,21.03,13,0,2,0,1,7
50503.33,142235.6,34.71,10.04,1,3,0,0,7
50503.33,142235.6,8.57,15.1,2,3,0,0,7
50503.33,142235.6,20.89,12.72,0,3,0,0,7
50503.33,142571.8,34.71,10.04,1,3,0,1,7
50503.33,142571.8,8.57,15.1,2,3,0,1,7
50503.33,142571.8,20.89,12.72,0,3,0,1,7
52467.53,157799.4,34.75,9.85,1,4,0,0,7
52467.53,157799.4,8.63,14.63,2,4,0,0,7
52467.53,157799.4,20.94,12.38,0,4,0,0,7
52467.53,156436.6,34.75,9.85,1,4,0,1,7
52467.53,156436.6,8.63,14.63,2,4,0,1,7
52467.53,156436.6,20.94,12.38,0,4,0,1,7
486673.71,321398.8,31.43,10.71,1,1,0,0,6
486673.71,321398.8,6.59,18.79,2,1,0,0,6
486673.71,321398.8,18.21,15.08,0,1,0,0,6
486673.71,312609.5,31.43,10.71,1,1,0,1,6
486673.71,312609.5,6.59,18.79,2,1,0,1,6
486673.71,312609.5,18.21,15.08,0,1,0,1,6
499939.48,317347.2,30.48,10.86,1,0,0,0,6
499939.48,317347.2,7.15,17.86,2,0,0,0,6
499939.48,317347.2,18.13,14.61,0,0,0,0,6
499939.48,310312.5,30.48,10.86,1,0,0,1,6
499939.48,310312.5,7.15,17.86,2,0,0,1,6
499939.48,310312.5,18.13,14.61,0,0,0,1,6
512016.49,251903.7,30.23,11.08,1,2,0,0,6
512016.49,251903.7,7.27,18.75,2,2,0,0,6
512016.49,251903.7,18.15,15.18,0,2,0,0,6
512016.49,253439,30.23,11.08,1,2,0,1,6
512016.49,253439,7.27,18.75,2,2,0,1,6
512016.49,253439,18.15,15.18,0,2,0,1,6
525969.12,273182.6,30.03,10.64,1,3,0,0,6
525969.12,273182.6,6.92,18.45,2,3,0,0,6
525969.12,273182.6,17.77,14.84,0,3,0,0,6
525969.12,274433.3,30.03,10.64,1,3,0,1,6
525969.12,274433.3,6.92,18.45,2,3,0,1,6
525969.12,274433.3,17.77,14.84,0,3,0,1,6
544041.97,300332.4,27.81,10.67,1,4,0,0,6
544041.97,300332.4,6.47,17.4,2,4,0,0,6
544041.97,300332.4,16.39,14.29,0,4,0,0,6
544041.97,300584.9,27.81,10.67,1,4,0,1,6
544041.97,300584.9,6.47,17.4,2,4,0,1,6
544041.97,300584.9,16.39,14.29,0,4,0,1,6
43745.95,321398.8,31.43,10.71,1,1,0,0,6
43745.95,321398.8,6.59,18.79,2,1,0,0,6
43745.95,321398.8,18.21,15.08,0,1,0,0,6
43745.95,312609.5,31.43,10.71,1,1,0,1,6
43745.95,312609.5,6.59,18.79,2,1,0,1,6
43745.95,312609.5,18.21,15.08,0,1,0,1,6
44717.31,317347.2,30.48,10.86,1,0,0,0,6
44717.31,317347.2,7.15,17.86,2,0,0,0,6
44717.31,317347.2,18.13,14.61,0,0,0,0,6
44717.31,310312.5,30.48,10.86,1,0,0,1,6
44717.31,310312.5,7.15,17.86,2,0,0,1,6
44717.31,310312.5,18.13,14.61,0,0,0,1,6
45561.18,251903.7,30.23,11.08,1,2,0,0,6
45561.18,251903.7,7.27,18.75,2,2,0,0,6
45561.18,251903.7,18.15,15.18,0,2,0,0,6
45561.18,253439,30.23,11.08,1,2,0,1,6
45561.18,253439,7.27,18.75,2,2,0,1,6
45561.18,253439,18.15,15.18,0,2,0,1,6
46566.54,273182.6,30.03,10.64,1,3,0,0,6
46566.54,273182.6,6.92,18.45,2,3,0,0,6
46566.54,273182.6,17.77,14.84,0,3,0,0,6
46566.54,274433.3,30.03,10.64,1,3,0,1,6
46566.54,274433.3,6.92,18.45,2,3,0,1,6
46566.54,274433.3,17.77,14.84,0,3,0,1,6
47941.66,300332.4,27.81,10.67,1,4,0,0,6
47941.66,300332.4,6.47,17.4,2,4,0,0,6
47941.66,300332.4,16.39,14.29,0,4,0,0,6
47941.66,300584.9,27.81,10.67,1,4,0,1,6
47941.66,300584.9,6.47,17.4,2,4,0,1,6
47941.66,300584.9,16.39,14.29,0,4,0,1,6
1550269.81,473116.9,26.7,8.12,1,1,0,0,21
1550269.81,473116.9,12.16,9.48,2,1,0,0,21
1550269.81,473116.9,19.1,8.83,0,1,0,0,21
1550269.81,465209.2,26.7,8.12,1,1,0,1,21
1550269.81,465209.2,12.16,9.48,2,1,0,1,21
1550269.81,465209.2,19.1,8.83,0,1,0,1,21
1617564.49,474937.9,27,8.04,1,0,0,0,21
1617564.49,474937.9,12.29,9.4,2,0,0,0,21
1617564.49,474937.9,19.29,8.76,0,0,0,0,21
1617564.49,479168,27,8.04,1,0,0,1,21
1617564.49,479168,12.29,9.4,2,0,0,1,21
1617564.49,479168,19.29,8.76,0,0,0,1,21
1599827.51,429256.3,26.39,8.01,1,2,0,0,21
1599827.51,429256.3,12.1,9.18,2,2,0,0,21
1599827.51,429256.3,18.88,8.62,0,2,0,0,21
1599827.51,410688.3,26.39,8.01,1,2,0,1,21
1599827.51,410688.3,12.1,9.18,2,2,0,1,21
1599827.51,410688.3,18.88,8.62,0,2,0,1,21
1625361.35,412960,26.41,8.08,1,3,0,0,21
1625361.35,412960,12.61,9.04,2,3,0,0,21
1625361.35,412960,19.19,8.58,0,3,0,0,21
1625361.35,393440,26.41,8.08,1,3,0,1,21
1625361.35,393440,12.61,9.04,2,3,0,1,21
1625361.35,393440,19.19,8.58,0,3,0,1,21
1714447.05,441856.4,26.17,7.96,1,4,0,0,21
1714447.05,441856.4,12.74,8.7,2,4,0,0,21
1714447.05,441856.4,19.14,8.34,0,4,0,0,21
1714447.05,423402.5,26.17,7.96,1,4,0,1,21
1714447.05,423402.5,12.74,8.7,2,4,0,1,21
1714447.05,423402.5,19.14,8.34,0,4,0,1,21
44101.43,473116.9,26.7,8.12,1,1,0,0,21
44101.43,473116.9,12.16,9.48,2,1,0,0,21
44101.43,473116.9,19.1,8.83,0,1,0,0,21
44101.43,465209.2,26.7,8.12,1,1,0,1,21
44101.43,465209.2,12.16,9.48,2,1,0,1,21
44101.43,465209.2,19.1,8.83,0,1,0,1,21
45519.87,474937.9,27,8.04,1,0,0,0,21
45519.87,474937.9,12.29,9.4,2,0,0,0,21
45519.87,474937.9,19.29,8.76,0,0,0,0,21
45519.87,479168,27,8.04,1,0,0,1,21
45519.87,479168,12.29,9.4,2,0,0,1,21
45519.87,479168,19.29,8.76,0,0,0,1,21
44647.37,429256.3,26.39,8.01,1,2,0,0,21
44647.37,429256.3,12.1,9.18,2,2,0,0,21
44647.37,429256.3,18.88,8.62,0,2,0,0,21
44647.37,410688.3,26.39,8.01,1,2,0,1,21
44647.37,410688.3,12.1,9.18,2,2,0,1,21
44647.37,410688.3,18.88,8.62,0,2,0,1,21
44819.5,412960,26.41,8.08,1,3,0,0,21
44819.5,412960,12.61,9.04,2,3,0,0,21
44819.5,412960,19.19,8.58,0,3,0,0,21
44819.5,393440,26.41,8.08,1,3,0,1,21
44819.5,393440,12.61,9.04,2,3,0,1,21
44819.5,393440,19.19,8.58,0,3,0,1,21
46704.89,441856.4,26.17,7.96,1,4,0,0,21
46704.89,441856.4,12.74,8.7,2,4,0,0,21
46704.89,441856.4,19.14,8.34,0,4,0,0,21
46704.89,423402.5,26.17,7.96,1,4,0,1,21
46704.89,423402.5,12.74,8.7,2,4,0,1,21
46704.89,423402.5,19.14,8.34,0,4,0,1,21
320535.1,128547.3,8.04,13.52,1,1,0,0,20
320535.1,128547.3,2.49,21.19,2,1,0,0,20
320535.1,128547.3,4.9,17.86,0,1,0,0,20
320535.1,137083.5,8.04,13.52,1,1,0,1,20
320535.1,137083.5,2.49,21.19,2,1,0,1,20
320535.1,137083.5,4.9,17.86,0,1,0,1,20
339582.6,135846.1,7.74,12.85,1,0,0,0,20
339582.6,135846.1,2.48,21.93,2,0,0,0,20
339582.6,135846.1,4.76,17.99,0,0,0,0,20
339582.6,146442.3,7.74,12.85,1,0,0,1,20
339582.6,146442.3,2.48,21.93,2,0,0,1,20
339582.6,146442.3,4.76,17.99,0,0,0,1,20
352963.18,120568.1,7.44,12.78,1,2,0,0,20
352963.18,120568.1,2.54,20.88,2,2,0,0,20
352963.18,120568.1,4.68,17.34,0,2,0,0,20
352963.18,128213.8,7.44,12.78,1,2,0,1,20
352963.18,128213.8,2.54,20.88,2,2,0,1,20
352963.18,128213.8,4.68,17.34,0,2,0,1,20
366767.86,120508.1,7.97,13.23,1,3,0,0,20
366767.86,120508.1,2.57,20.25,2,3,0,0,20
366767.86,120508.1,4.95,17.16,0,3,0,0,20
366767.86,130560.7,7.97,13.23,1,3,0,1,20
366767.86,130560.7,2.57,20.25,2,3,0,1,20
366767.86,130560.7,4.95,17.16,0,3,0,1,20
384930.38,134167.5,8.68,12.89,1,4,0,0,20
384930.38,134167.5,2.74,20.46,2,4,0,0,20
384930.38,134167.5,5.36,17.12,0,4,0,0,20
384930.38,144470.9,8.68,12.89,1,4,0,1,20
384930.38,144470.9,2.74,20.46,2,4,0,1,20
384930.38,144470.9,5.36,17.12,0,4,0,1,20
30496.02,128547.3,8.04,13.52,1,1,0,0,20
30496.02,128547.3,2.49,21.19,2,1,0,0,20
30496.02,128547.3,4.9,17.86,0,1,0,0,20
30496.02,137083.5,8.04,13.52,1,1,0,1,20
30496.02,137083.5,2.49,21.19,2,1,0,1,20
30496.02,137083.5,4.9,17.86,0,1,0,1,20
32265.05,135846.1,7.74,12.85,1,0,0,0,20
32265.05,135846.1,2.48,21.93,2,0,0,0,20
32265.05,135846.1,4.76,17.99,0,0,0,0,20
32265.05,146442.3,7.74,12.85,1,0,0,1,20
32265.05,146442.3,2.48,21.93,2,0,0,1,20
32265.05,146442.3,4.76,17.99,0,0,0,1,20
33478.62,120568.1,7.44,12.78,1,2,0,0,20
33478.62,120568.1,2.54,20.88,2,2,0,0,20
33478.62,120568.1,4.68,17.34,0,2,0,0,20
33478.62,128213.8,7.44,12.78,1,2,0,1,20
33478.62,128213.8,2.54,20.88,2,2,0,1,20
33478.62,128213.8,4.68,17.34,0,2,0,1,20
34714.43,120508.1,7.97,13.23,1,3,0,0,20
34714.43,120508.1,2.57,20.25,2,3,0,0,20
34714.43,120508.1,4.95,17.16,0,3,0,0,20
34714.43,130560.7,7.97,13.23,1,3,0,1,20
34714.43,130560.7,2.57,20.25,2,3,0,1,20
34714.43,130560.7,4.95,17.16,0,3,0,1,20
36350.1,134167.5,8.68,12.89,1,4,0,0,20
36350.1,134167.5,2.74,20.46,2,4,0,0,20
36350.1,134167.5,5.36,17.12,0,4,0,0,20
36350.1,144470.9,8.68,12.89,1,4,0,1,20
36350.1,144470.9,2.74,20.46,2,4,0,1,20
36350.1,144470.9,5.36,17.12,0,4,0,1,20
262368.12,101583.3,24.69,5.59,1,1,0,0,22
262368.12,101583.3,14.23,12.1,2,1,0,0,22
262368.12,116851.2,24.69,5.59,1,1,0,1,22
262368.12,116851.2,14.23,12.1,2,1,0,1,22
270330.61,103322.9,25.44,5.52,1,0,0,0,22
270330.61,103322.9,14.56,11.87,2,0,0,0,22
270330.61,103322.9,19.7,8.88,0,0,0,0,22
270330.61,119208.8,25.44,5.52,1,0,0,1,22
270330.61,119208.8,14.56,11.87,2,0,0,1,22
270330.61,119208.8,19.7,8.88,0,0,0,1,22
276642.61,87586.95,25.77,5.36,1,2,0,0,22
276642.61,87586.95,14.97,11.56,2,2,0,0,22
276642.61,87586.95,20.03,8.65,0,2,0,0,22
276642.61,103383.3,25.77,5.36,1,2,0,1,22
276642.61,103383.3,14.97,11.56,2,2,0,1,22
276642.61,103383.3,20.03,8.65,0,2,0,1,22
280838.7,86841.75,26.67,5.94,1,3,0,0,22
280838.7,86841.75,17.33,11.84,2,3,0,0,22
280838.7,86841.75,21.72,9.06,0,3,0,0,22
280838.7,104098.7,26.67,5.94,1,3,0,1,22
280838.7,104098.7,17.33,11.84,2,3,0,1,22
280838.7,104098.7,21.72,9.06,0,3,0,1,22
296974.89,94758.8,25.35,5.3,1,4,0,0,22
296974.89,94758.8,16.03,10.87,2,4,0,0,22
296974.89,94758.8,20.43,8.24,0,4,0,0,22
296974.89,113337.7,25.35,5.3,1,4,0,1,22
296974.89,113337.7,16.03,10.87,2,4,0,1,22
296974.89,113337.7,20.43,8.24,0,4,0,1,22
46742.94,101583.3,24.69,5.59,1,1,0,0,22
46742.94,101583.3,14.23,12.1,2,1,0,0,22
46742.94,116851.2,24.69,5.59,1,1,0,1,22
46742.94,116851.2,14.23,12.1,2,1,0,1,22
47905.48,103322.9,25.44,5.52,1,0,0,0,22
47905.48,103322.9,14.56,11.87,2,0,0,0,22
47905.48,103322.9,19.7,8.88,0,0,0,0,22
47905.48,119208.8,25.44,5.52,1,0,0,1,22
47905.48,119208.8,14.56,11.87,2,0,0,1,22
47905.48,119208.8,19.7,8.88,0,0,0,1,22
48687.54,87586.95,25.77,5.36,1,2,0,0,22
48687.54,87586.95,14.97,11.56,2,2,0,0,22
48687.54,87586.95,20.03,8.65,0,2,0,0,22
48687.54,103383.3,25.77,5.36,1,2,0,1,22
48687.54,103383.3,14.97,11.56,2,2,0,1,22
48687.54,103383.3,20.03,8.65,0,2,0,1,22
49020.54,86841.75,26.67,5.94,1,3,0,0,22
49020.54,86841.75,17.33,11.84,2,3,0,0,22
49020.54,86841.75,21.72,9.06,0,3,0,0,22
49020.54,104098.7,26.67,5.94,1,3,0,1,22
49020.54,104098.7,17.33,11.84,2,3,0,1,22
49020.54,104098.7,21.72,9.06,0,3,0,1,22
51495.56,94758.8,25.35,5.3,1,4,0,0,22
51495.56,94758.8,16.03,10.87,2,4,0,0,22
51495.56,94758.8,20.43,8.24,0,4,0,0,22
51495.56,113337.7,25.35,5.3,1,4,0,1,22
51495.56,113337.7,16.03,10.87,2,4,0,1,22
51495.56,113337.7,20.43,8.24,0,4,0,1,22
224594.22,75099.13,16.66,8.8,1,1,0,0,2
224594.22,75099.13,9.6,17.83,2,1,0,0,2
224594.22,75099.13,13.04,13.44,0,1,0,0,2
224594.22,78498.85,16.66,8.8,1,1,0,1,2
224594.22,78498.85,9.6,17.83,2,1,0,1,2
224594.22,78498.85,13.04,13.44,0,1,0,1,2
226490.09,72985.74,16.76,9.33,1,0,0,0,2
226490.09,72985.74,10.04,18.44,2,0,0,0,2
226490.09,72985.74,13.32,14,0,0,0,0,2
226490.09,75360.71,16.76,9.33,1,0,0,1,2
226490.09,75360.71,10.04,18.44,2,0,0,1,2
226490.09,75360.71,13.32,14,0,0,0,1,2
230530.3,57120.09,16.36,9.46,1,2,0,0,2
230530.3,57120.09,10.59,18.75,2,2,0,0,2
230530.3,57120.09,13.4,14.22,0,2,0,0,2
230530.3,59091.36,16.36,9.46,1,2,0,1,2
230530.3,59091.36,10.59,18.75,2,2,0,1,2
230530.3,59091.36,13.4,14.22,0,2,0,1,2
238749.49,58175.47,17.65,9.38,1,3,0,0,2
238749.49,58175.47,10.62,18.38,2,3,0,0,2
238749.49,58175.47,14.01,14.03,0,3,0,0,2
238749.49,59018.13,17.65,9.38,1,3,0,1,2
238749.49,59018.13,10.62,18.38,2,3,0,1,2
238749.49,59018.13,14.01,14.03,0,3,0,1,2
247624.34,65136.44,17.42,9.04,1,4,0,0,2
247624.34,65136.44,10.88,17.02,2,4,0,0,2
247624.34,65136.44,14.03,13.18,0,4,0,0,2
247624.34,67613.02,17.42,9.04,1,4,0,1,2
247624.34,67613.02,10.88,17.02,2,4,0,1,2
247624.34,67613.02,14.03,13.18,0,4,0,1,2
41293.29,75099.13,16.66,8.8,1,1,0,0,2
41293.29,75099.13,9.6,17.83,2,1,0,0,2
41293.29,75099.13,13.04,13.44,0,1,0,0,2
41293.29,78498.85,16.66,8.8,1,1,0,1,2
41293.29,78498.85,9.6,17.83,2,1,0,1,2
41293.29,78498.85,13.04,13.44,0,1,0,1,2
41462.72,72985.74,16.76,9.33,1,0,0,0,2
41462.72,72985.74,10.04,18.44,2,0,0,0,2
41462.72,72985.74,13.32,14,0,0,0,0,2
41462.72,75360.71,16.76,9.33,1,0,0,1,2
41462.72,75360.71,10.04,18.44,2,0,0,1,2
41462.72,75360.71,13.32,14,0,0,0,1,2
42063.73,57120.09,16.36,9.46,1,2,0,0,2
42063.73,57120.09,10.59,18.75,2,2,0,0,2
42063.73,57120.09,13.4,14.22,0,2,0,0,2
42063.73,59091.36,16.36,9.46,1,2,0,1,2
42063.73,59091.36,10.59,18.75,2,2,0,1,2
42063.73,59091.36,13.4,14.22,0,2,0,1,2
43446.12,58175.47,17.65,9.38,1,3,0,0,2
43446.12,58175.47,10.62,18.38,2,3,0,0,2
43446.12,58175.47,14.01,14.03,0,3,0,0,2
43446.12,59018.13,17.65,9.38,1,3,0,1,2
43446.12,59018.13,10.62,18.38,2,3,0,1,2
43446.12,59018.13,14.01,14.03,0,3,0,1,2
44955.58,65136.44,17.42,9.04,1,4,0,0,2
44955.58,65136.44,10.88,17.02,2,4,0,0,2
44955.58,65136.44,14.03,13.18,0,4,0,0,2
44955.58,67613.02,17.42,9.04,1,4,0,1,2
44955.58,67613.02,10.88,17.02,2,4,0,1,2
44955.58,67613.02,14.03,13.18,0,4,0,1,2
2608523.5,638702.4,22.54,7.72,1,1,0,0,23
2608523.5,638702.4,6.2,14.54,2,1,0,0,23
2608523.5,638702.4,14.02,11.27,0,1,0,0,23
2608523.5,582088.6,22.54,7.72,1,1,0,1,23
2608523.5,582088.6,6.2,14.54,2,1,0,1,23
2608523.5,582088.6,14.02,11.27,0,1,0,1,23
2662032.87,636165.7,22.49,8.15,1,0,0,0,23
2662032.87,636165.7,6.74,14.82,2,0,0,0,23
2662032.87,636165.7,14.31,11.61,0,0,0,0,23
2662032.87,580107.3,22.49,8.15,1,0,0,1,23
2662032.87,580107.3,6.74,14.82,2,0,0,1,23
2662032.87,580107.3,14.31,11.61,0,0,0,1,23
2701322.72,554019.8,22.35,8.21,1,2,0,0,23
2701322.72,554019.8,14.36,11.59,0,2,0,0,23
2701322.72,521999.2,22.35,8.21,1,2,0,1,23
2701322.72,521999.2,14.36,11.59,0,2,0,1,23
2765184.87,558713.2,22.02,8.43,1,3,0,0,23
2765184.87,558713.2,6.95,14.96,2,3,0,0,23
2765184.87,558713.2,14.22,11.81,0,3,0,0,23
2765184.87,520507.2,22.02,8.43,1,3,0,1,23
2765184.87,520507.2,6.95,14.96,2,3,0,1,23
2765184.87,520507.2,14.22,11.81,0,3,0,1,23
2876059.48,607623.3,22.15,8.59,1,4,0,0,23
2876059.48,607623.3,7.02,14.47,2,4,0,0,23
2876059.48,607623.3,14.29,11.64,0,4,0,0,23
2876059.48,553317.6,22.15,8.59,1,4,0,1,23
2876059.48,553317.6,7.02,14.47,2,4,0,1,23
2876059.48,553317.6,14.29,11.64,0,4,0,1,23
39529.07,638702.4,22.54,7.72,1,1,0,0,23
39529.07,638702.4,6.2,14.54,2,1,0,0,23
39529.07,638702.4,14.02,11.27,0,1,0,0,23
39529.07,582088.6,22.54,7.72,1,1,0,1,23
39529.07,582088.6,6.2,14.54,2,1,0,1,23
39529.07,582088.6,14.02,11.27,0,1,0,1,23
40144.66,636165.7,22.49,8.15,1,0,0,0,23
40144.66,636165.7,6.74,14.82,2,0,0,0,23
40144.66,636165.7,14.31,11.61,0,0,0,0,23
40144.66,580107.3,22.49,8.15,1,0,0,1,23
40144.66,580107.3,6.74,14.82,2,0,0,1,23
40144.66,580107.3,14.31,11.61,0,0,0,1,23
40564.66,554019.8,22.35,8.21,1,2,0,0,23
40564.66,554019.8,14.36,11.59,0,2,0,0,23
40564.66,521999.2,22.35,8.21,1,2,0,1,23
40564.66,521999.2,14.36,11.59,0,2,0,1,23
41357.84,558713.2,22.02,8.43,1,3,0,0,23
41357.84,558713.2,6.95,14.96,2,3,0,0,23
41357.84,558713.2,14.22,11.81,0,3,0,0,23
41357.84,520507.2,22.02,8.43,1,3,0,1,23
41357.84,520507.2,6.95,14.96,2,3,0,1,23
41357.84,520507.2,14.22,11.81,0,3,0,1,23
42858.45,607623.3,22.15,8.59,1,4,0,0,23
42858.45,607623.3,7.02,14.47,2,4,0,0,23
42858.45,607623.3,14.29,11.64,0,4,0,0,23
42858.45,553317.6,22.15,8.59,1,4,0,1,23
42858.45,553317.6,7.02,14.47,2,4,0,1,23
42858.45,553317.6,14.29,11.64,0,4,0,1,23
3647777.59,1151670,38.13,8.11,1,1,0,0,19
3647777.59,1151670,9.03,13.88,2,1,0,0,19
3647777.59,1151670,22.57,11.2,0,1,0,0,19
3647777.59,1433978,38.13,8.11,1,1,0,1,19
3647777.59,1433978,9.03,13.88,2,1,0,1,19
3647777.59,1433978,22.57,11.2,0,1,0,1,19
3813669.03,1177082,37.45,7.99,1,0,0,0,19
3813669.03,1177082,9.14,13.54,2,0,0,0,19
3813669.03,1177082,22.33,10.96,0,0,0,0,19
3813669.03,1479837,37.45,7.99,1,0,0,1,19
3813669.03,1479837,9.14,13.54,2,0,0,1,19
3813669.03,1479837,22.33,10.96,0,0,0,1,19
3905507.3,1018362,37.42,7.75,1,2,0,0,19
3905507.3,1018362,9.28,13.38,2,2,0,0,19
3905507.3,1018362,22.4,10.75,0,2,0,0,19
3905507.3,1308044,37.42,7.75,1,2,0,1,19
3905507.3,1308044,9.28,13.38,2,2,0,1,19
3905507.3,1308044,22.4,10.75,0,2,0,1,19
4030399.46,1021871,36.95,7.65,1,3,0,0,19
4030399.46,1021871,9.08,12.84,2,3,0,0,19
4030399.46,1021871,22.08,10.42,0,3,0,0,19
4030399.46,1318238,36.95,7.65,1,3,0,1,19
4030399.46,1318238,9.08,12.84,2,3,0,1,19
4030399.46,1318238,22.08,10.42,0,3,0,1,19
4187585,1132559,36.84,7.55,1,4,0,0,19
4187585,1132559,9.36,12.51,2,4,0,0,19
4187585,1132559,22.16,10.2,0,4,0,0,19
4187585,1431690,36.84,7.55,1,4,0,1,19
4187585,1431690,9.36,12.51,2,4,0,1,19
4187585,1431690,22.16,10.2,0,4,0,1,19
45231.97,1151670,38.13,8.11,1,1,0,0,19
45231.97,1151670,9.03,13.88,2,1,0,0,19
45231.97,1151670,22.57,11.2,0,1,0,0,19
45231.97,1433978,38.13,8.11,1,1,0,1,19
45231.97,1433978,9.03,13.88,2,1,0,1,19
45231.97,1433978,22.57,11.2,0,1,0,1,19
47092.22,1177082,37.45,7.99,1,0,0,0,19
47092.22,1177082,9.14,13.54,2,0,0,0,19
47092.22,1177082,22.33,10.96,0,0,0,0,19
47092.22,1479837,37.45,7.99,1,0,0,1,19
47092.22,1479837,9.14,13.54,2,0,0,1,19
47092.22,1479837,22.33,10.96,0,0,0,1,19
47810.63,1018362,37.42,7.75,1,2,0,0,19
47810.63,1018362,9.28,13.38,2,2,0,0,19
47810.63,1018362,22.4,10.75,0,2,0,0,19
47810.63,1308044,37.42,7.75,1,2,0,1,19
47810.63,1308044,9.28,13.38,2,2,0,1,19
47810.63,1308044,22.4,10.75,0,2,0,1,19
48942.91,1021871,36.95,7.65,1,3,0,0,19
48942.91,1021871,9.08,12.84,2,3,0,0,19
48942.91,1021871,22.08,10.42,0,3,0,0,19
48942.91,1318238,36.95,7.65,1,3,0,1,19
48942.91,1318238,9.08,12.84,2,3,0,1,19
48942.91,1318238,22.08,10.42,0,3,0,1,19
50648.71,1132559,36.84,7.55,1,4,0,0,19
50648.71,1132559,9.36,12.51,2,4,0,0,19
50648.71,1132559,22.16,10.2,0,4,0,0,19
50648.71,1431690,36.84,7.55,1,4,0,1,19
50648.71,1431690,9.36,12.51,2,4,0,1,19
50648.71,1431690,22.16,10.2,0,4,0,1,19
286168.64,63284.41,15.6,31.91,1,1,0,0,16
286168.64,63284.41,6.62,40.55,2,1,0,0,16
286168.64,63284.41,10.33,36.99,0,1,0,0,16
286168.64,35704.34,15.6,31.91,1,1,0,1,16
286168.64,35704.34,6.62,40.55,2,1,0,1,16
286168.64,35704.34,10.33,36.99,0,1,0,1,16
292335.74,65066.09,16.17,30.43,1,0,0,0,16
292335.74,65066.09,7.53,39.96,2,0,0,0,16
292335.74,65066.09,11.15,35.97,0,0,0,0,16
292335.74,35538.24,16.17,30.43,1,0,0,1,16
292335.74,35538.24,7.53,39.96,2,0,0,1,16
292335.74,35538.24,11.15,35.97,0,0,0,1,16
288887.8,46612.59,16.28,29.61,1,2,0,0,16
288887.8,46612.59,7.34,38.86,2,2,0,0,16
288887.8,46612.59,11.12,34.96,0,2,0,0,16
288887.8,27496.76,16.28,29.61,1,2,0,1,16
288887.8,27496.76,7.34,38.86,2,2,0,1,16
288887.8,27496.76,11.12,34.96,0,2,0,1,16
288418.36,45417.27,16.12,29.47,1,3,0,0,16
288418.36,45417.27,7.22,37.44,2,3,0,0,16
288418.36,45417.27,10.96,34.09,0,3,0,0,16
288418.36,27077.85,16.12,29.47,1,3,0,1,16
288418.36,27077.85,7.22,37.44,2,3,0,1,16
288418.36,27077.85,10.96,34.09,0,3,0,1,16
297008.36,52171.82,16.35,29.22,1,4,0,0,16
297008.36,52171.82,7.1,37.56,2,4,0,0,16
297008.36,52171.82,10.98,34.07,0,4,0,0,16
297008.36,31483.23,16.35,29.22,1,4,0,1,16
297008.36,31483.23,7.1,37.56,2,4,0,1,16
297008.36,31483.23,10.98,34.07,0,4,0,1,16
26097.8,63284.41,15.6,31.91,1,1,0,0,16
26097.8,63284.41,6.62,40.55,2,1,0,0,16
26097.8,63284.41,10.33,36.99,0,1,0,0,16
26097.8,35704.34,15.6,31.91,1,1,0,1,16
26097.8,35704.34,6.62,40.55,2,1,0,1,16
26097.8,35704.34,10.33,36.99,0,1,0,1,16
26838.58,65066.09,16.17,30.43,1,0,0,0,16
26838.58,65066.09,7.53,39.96,2,0,0,0,16
26838.58,65066.09,11.15,35.97,0,0,0,0,16
26838.58,35538.24,16.17,30.43,1,0,0,1,16
26838.58,35538.24,7.53,39.96,2,0,0,1,16
26838.58,35538.24,11.15,35.97,0,0,0,1,16
26697.05,46612.59,16.28,29.61,1,2,0,0,16
26697.05,46612.59,7.34,38.86,2,2,0,0,16
26697.05,46612.59,11.12,34.96,0,2,0,0,16
26697.05,27496.76,16.28,29.61,1,2,0,1,16
26697.05,27496.76,7.34,38.86,2,2,0,1,16
26697.05,27496.76,11.12,34.96,0,2,0,1,16
26764.91,45417.27,16.12,29.47,1,3,0,0,16
26764.91,45417.27,7.22,37.44,2,3,0,0,16
26764.91,45417.27,10.96,34.09,0,3,0,0,16
26764.91,27077.85,16.12,29.47,1,3,0,1,16
26764.91,27077.85,7.22,37.44,2,3,0,1,16
26764.91,27077.85,10.96,34.09,0,3,0,1,16
27699.53,52171.82,16.35,29.22,1,4,0,0,16
27699.53,52171.82,7.1,37.56,2,4,0,0,16
27699.53,52171.82,10.98,34.07,0,4,0,0,16
27699.53,31483.23,16.35,29.22,1,4,0,1,16
27699.53,31483.23,7.1,37.56,2,4,0,1,16
27699.53,31483.23,10.98,34.07,0,4,0,1,16
242016.44,88874.84,6.53,8.23,1,1,0,0,1
242016.44,88874.84,3.47,13.87,2,1,0,0,1
242016.44,88874.84,4.9,11.28,0,1,0,0,1
242016.44,93309.71,6.53,8.23,1,1,0,1,1
242016.44,93309.71,3.47,13.87,2,1,0,1,1
242016.44,93309.71,4.9,11.28,0,1,0,1,1
251838.81,95127.7,6.03,7.79,1,0,0,0,1
251838.81,95127.7,3.15,13.61,2,0,0,0,1
251838.81,95127.7,4.5,10.94,0,0,0,0,1
251838.81,97955.26,6.03,7.79,1,0,0,1,1
251838.81,97955.26,3.15,13.61,2,0,0,1,1
251838.81,97955.26,4.5,10.94,0,0,0,1,1
257370.94,83486.89,5.95,7.99,1,2,0,0,1
257370.94,83486.89,3,13.26,2,2,0,0,1
257370.94,83486.89,4.38,10.85,0,2,0,0,1
257370.94,88384.48,5.95,7.99,1,2,0,1,1
257370.94,88384.48,3,13.26,2,2,0,1,1
257370.94,88384.48,4.38,10.85,0,2,0,1,1
262041.83,83487.52,5.49,8.17,1,3,0,0,1
262041.83,83487.52,2.61,12.9,2,3,0,0,1
262041.83,83487.52,3.96,10.74,0,3,0,0,1
262041.83,88601.56,5.49,8.17,1,3,0,1,1
262041.83,88601.56,2.61,12.9,2,3,0,1,1
262041.83,88601.56,3.96,10.74,0,3,0,1,1
274926.86,96097.92,5.13,8.26,1,4,0,0,1
274926.86,96097.92,2.34,12.06,2,4,0,0,1
274926.86,96097.92,3.63,10.34,0,4,0,0,1
274926.86,98600.55,5.13,8.26,1,4,0,1,1
274926.86,98600.55,2.34,12.06,2,4,0,1,1
274926.86,98600.55,3.63,10.34,0,4,0,1,1
24463.2,88874.84,6.53,8.23,1,1,0,0,1
24463.2,88874.84,3.47,13.87,2,1,0,0,1
24463.2,88874.84,4.9,11.28,0,1,0,0,1
24463.2,93309.71,6.53,8.23,1,1,0,1,1
24463.2,93309.71,3.47,13.87,2,1,0,1,1
24463.2,93309.71,4.9,11.28,0,1,0,1,1
25524.72,95127.7,6.03,7.79,1,0,0,0,1
25524.72,95127.7,3.15,13.61,2,0,0,0,1
25524.72,95127.7,4.5,10.94,0,0,0,0,1
25524.72,97955.26,6.03,7.79,1,0,0,1,1
25524.72,97955.26,3.15,13.61,2,0,0,1,1
25524.72,97955.26,4.5,10.94,0,0,0,1,1
26147.54,83486.89,5.95,7.99,1,2,0,0,1
26147.54,83486.89,3,13.26,2,2,0,0,1
26147.54,83486.89,4.38,10.85,0,2,0,0,1
26147.54,88384.48,5.95,7.99,1,2,0,1,1
26147.54,88384.48,3,13.26,2,2,0,1,1
26147.54,88384.48,4.38,10.85,0,2,0,1,1
26700.76,83487.52,5.49,8.17,1,3,0,0,1
26700.76,83487.52,2.61,12.9,2,3,0,0,1
26700.76,83487.52,3.96,10.74,0,3,0,0,1
26700.76,88601.56,5.49,8.17,1,3,0,1,1
26700.76,88601.56,2.61,12.9,2,3,0,1,1
26700.76,88601.56,3.96,10.74,0,3,0,1,1
28099.31,96097.92,5.13,8.26,1,4,0,0,1
28099.31,96097.92,2.34,12.06,2,4,0,0,1
28099.31,96097.92,3.63,10.34,0,4,0,0,1
28099.31,98600.55,5.13,8.26,1,4,0,1,1
28099.31,98600.55,2.34,12.06,2,4,0,1,1
28099.31,98600.55,3.63,10.34,0,4,0,1,1
221790.14,85261.12,36.17,8.28,1,1,0,0,18
221790.14,85261.12,13.12,24.21,2,1,0,0,18
221790.14,85261.12,24.23,16.87,0,1,0,0,18
221790.14,131066.4,36.17,8.28,1,1,0,1,18
221790.14,131066.4,13.12,24.21,2,1,0,1,18
221790.14,131066.4,24.23,16.87,0,1,0,1,18
238440.77,97824.7,35.38,8.01,1,0,0,0,18
238440.77,97824.7,12.47,23.86,2,0,0,0,18
238440.77,97824.7,23.41,16.59,0,0,0,0,18
238440.77,151866.4,35.38,8.01,1,0,0,1,18
238440.77,151866.4,12.47,23.86,2,0,0,1,18
238440.77,151866.4,23.41,16.59,0,0,0,1,18
322972.44,96436.68,35.45,8.12,1,2,0,0,18
322972.44,96436.68,12.32,23.26,2,2,0,0,18
322972.44,96436.68,23.27,16.33,0,2,0,0,18
322972.44,222227.1,35.45,8.12,1,2,0,1,18
322972.44,222227.1,12.32,23.26,2,2,0,1,18
322972.44,222227.1,23.27,16.33,0,2,0,1,18
336608.48,95060,34.77,8.22,1,3,0,0,18
336608.48,95060,11.94,22.8,2,3,0,0,18
336608.48,95060,22.75,16.11,0,3,0,0,18
336608.48,212016.9,34.77,8.22,1,3,0,1,18
336608.48,212016.9,11.94,22.8,2,3,0,1,18
336608.48,212016.9,22.75,16.11,0,3,0,1,18
361630.68,97983.65,33.83,7.77,1,4,0,0,18
361630.68,97983.65,11.5,21.81,2,4,0,0,18
361630.68,97983.65,21.96,15.36,0,4,0,0,18
361630.68,218973.5,33.83,7.77,1,4,0,1,18
361630.68,218973.5,11.5,21.81,2,4,0,1,18
361630.68,218973.5,21.96,15.36,0,4,0,1,18
48006.07,85261.12,36.17,8.28,1,1,0,0,18
48006.07,85261.12,13.12,24.21,2,1,0,0,18
48006.07,85261.12,24.23,16.87,0,1,0,0,18
48006.07,131066.4,36.17,8.28,1,1,0,1,18
48006.07,131066.4,13.12,24.21,2,1,0,1,18
48006.07,131066.4,24.23,16.87,0,1,0,1,18
51250.48,97824.7,35.38,8.01,1,0,0,0,18
51250.48,97824.7,12.47,23.86,2,0,0,0,18
51250.48,97824.7,23.41,16.59,0,0,0,0,18
51250.48,151866.4,35.38,8.01,1,0,0,1,18
51250.48,151866.4,12.47,23.86,2,0,0,1,18
51250.48,151866.4,23.41,16.59,0,0,0,1,18
68779.46,96436.68,35.45,8.12,1,2,0,0,18
68779.46,96436.68,12.32,23.26,2,2,0,0,18
68779.46,96436.68,23.27,16.33,0,2,0,0,18
68779.46,222227.1,35.45,8.12,1,2,0,1,18
68779.46,222227.1,12.32,23.26,2,2,0,1,18
68779.46,222227.1,23.27,16.33,0,2,0,1,18
70879.96,95060,34.77,8.22,1,3,0,0,18
70879.96,95060,11.94,22.8,2,3,0,0,18
70879.96,95060,22.75,16.11,0,3,0,0,18
70879.96,212016.9,34.77,8.22,1,3,0,1,18
70879.96,212016.9,11.94,22.8,2,3,0,1,18
70879.96,212016.9,22.75,16.11,0,3,0,1,18
75304.05,97983.65,33.83,7.77,1,4,0,0,18
75304.05,97983.65,11.5,21.81,2,4,0,0,18
75304.05,97983.65,21.96,15.36,0,4,0,0,18
75304.05,218973.5,33.83,7.77,1,4,0,1,18
75304.05,218973.5,11.5,21.81,2,4,0,1,18
75304.05,218973.5,21.96,15.36,0,4,0,1,18
2176319.77,455306.1,32.77,18.25,1,1,0,0,8
2176319.77,455306.1,8.25,29.54,2,1,0,0,8
2176319.77,455306.1,18.52,24.82,0,1,0,0,8
2176319.77,503227.4,32.77,18.25,1,1,0,1,8
2176319.77,503227.4,8.25,29.54,2,1,0,1,8
2176319.77,503227.4,18.52,24.82,0,1,0,1,8
2192714.4,453902.3,32.92,18.46,1,0,0,0,8
2192714.4,453902.3,8.63,29.17,2,0,0,0,8
2192714.4,453902.3,18.82,24.68,0,0,0,0,8
2192714.4,516801.8,32.92,18.46,1,0,0,1,8
2192714.4,516801.8,8.63,29.17,2,0,0,1,8
2192714.4,516801.8,18.82,24.68,0,0,0,1,8
2225174.88,393671.7,32.77,18.32,1,2,0,0,8
2225174.88,393671.7,8.5,28.72,2,2,0,0,8
2225174.88,393671.7,18.65,24.38,0,2,0,0,8
2225174.88,450364.7,32.77,18.32,1,2,0,1,8
2225174.88,450364.7,8.5,28.72,2,2,0,1,8
2225174.88,450364.7,18.65,24.38,0,2,0,1,8
2326893.3,389647.5,32.63,18.08,1,3,0,0,8
2326893.3,389647.5,8.48,28.15,2,3,0,0,8
2326893.3,389647.5,18.62,23.94,0,3,0,0,8
2326893.3,453407.5,32.63,18.08,1,3,0,1,8
2326893.3,453407.5,8.48,28.15,2,3,0,1,8
2326893.3,453407.5,18.62,23.94,0,3,0,1,8
2387357.65,432504.7,32.44,17.01,1,4,0,0,8
2387357.65,432504.7,8.27,27.69,2,4,0,0,8
2387357.65,432504.7,18.46,23.2,0,4,0,0,8
2387357.65,495375.3,32.44,17.01,1,4,0,1,8
2387357.65,495375.3,8.27,27.69,2,4,0,1,8
2387357.65,495375.3,18.46,23.2,0,4,0,1,8
35885.39,455306.1,32.77,18.25,1,1,0,0,8
35885.39,455306.1,8.25,29.54,2,1,0,0,8
35885.39,455306.1,18.52,24.82,0,1,0,0,8
35885.39,503227.4,32.77,18.25,1,1,0,1,8
35885.39,503227.4,8.25,29.54,2,1,0,1,8
35885.39,503227.4,18.52,24.82,0,1,0,1,8
36070.85,453902.3,32.92,18.46,1,0,0,0,8
36070.85,453902.3,8.63,29.17,2,0,0,0,8
36070.85,453902.3,18.82,24.68,0,0,0,0,8
36070.85,516801.8,32.92,18.46,1,0,0,1,8
36070.85,516801.8,8.63,29.17,2,0,0,1,8
36070.85,516801.8,18.82,24.68,0,0,0,1,8
36640.09,393671.7,32.77,18.32,1,2,0,0,8
36640.09,393671.7,8.5,28.72,2,2,0,0,8
36640.09,393671.7,18.65,24.38,0,2,0,0,8
36640.09,450364.7,32.77,18.32,1,2,0,1,8
36640.09,450364.7,8.5,28.72,2,2,0,1,8
36640.09,450364.7,18.65,24.38,0,2,0,1,8
38380.16,389647.5,32.63,18.08,1,3,0,0,8
38380.16,389647.5,8.48,28.15,2,3,0,0,8
38380.16,389647.5,18.62,23.94,0,3,0,0,8
38380.16,453407.5,32.63,18.08,1,3,0,1,8
38380.16,453407.5,8.48,28.15,2,3,0,1,8
38380.16,453407.5,18.62,23.94,0,3,0,1,8
39433.02,432504.7,32.44,17.01,1,4,0,0,8
39433.02,432504.7,8.27,27.69,2,4,0,0,8
39433.02,432504.7,18.46,23.2,0,4,0,0,8
39433.02,495375.3,32.44,17.01,1,4,0,1,8
39433.02,495375.3,8.27,27.69,2,4,0,1,8
39433.02,495375.3,18.46,23.2,0,4,0,1,8
4967051.58,784876.1,36.16,10.4,1,1,0,0,25
4967051.58,784876.1,11.32,12.38,2,1,0,0,25
4967051.58,784876.1,21.89,11.51,0,1,0,0,25
4967051.58,694982.6,36.16,10.4,1,1,0,1,25
4967051.58,694982.6,11.32,12.38,2,1,0,1,25
4967051.58,694982.6,21.89,11.51,0,1,0,1,25
4986566.21,798696.1,37.22,10.22,1,0,0,0,25
4986566.21,798696.1,11.99,12.32,2,0,0,0,25
4986566.21,798696.1,22.75,11.36,0,0,0,0,25
4986566.21,699824.8,37.22,10.22,1,0,0,1,25
4986566.21,699824.8,11.99,12.32,2,0,0,1,25
4986566.21,699824.8,22.75,11.36,0,0,0,1,25
5176841.32,629412.8,36.88,9.73,1,2,0,0,25
5176841.32,629412.8,11.99,12.07,2,2,0,0,25
5176841.32,629412.8,22.67,11.01,0,2,0,0,25
5176841.32,622088.6,36.88,9.73,1,2,0,1,25
5176841.32,622088.6,11.99,12.07,2,2,0,1,25
5176841.32,622088.6,22.67,11.01,0,2,0,1,25
5369478.82,584315.8,37.12,9.14,1,3,0,0,25
5369478.82,584315.8,11.92,11.65,2,3,0,0,25
5369478.82,584315.8,22.79,10.52,0,3,0,0,25
5369478.82,635027.3,37.12,9.14,1,3,0,1,25
5369478.82,635027.3,11.92,11.65,2,3,0,1,25
5369478.82,635027.3,22.79,10.52,0,3,0,1,25
5487161.17,644751,22.42,10.4,0,4,0,0,25
5487161.17,688923.4,22.42,10.4,0,4,0,1,25
39008.36,784876.1,36.16,10.4,1,1,0,0,25
39008.36,784876.1,11.32,12.38,2,1,0,0,25
39008.36,784876.1,21.89,11.51,0,1,0,0,25
39008.36,694982.6,36.16,10.4,1,1,0,1,25
39008.36,694982.6,11.32,12.38,2,1,0,1,25
39008.36,694982.6,21.89,11.51,0,1,0,1,25
39183.47,798696.1,37.22,10.22,1,0,0,0,25
39183.47,798696.1,11.99,12.32,2,0,0,0,25
39183.47,798696.1,22.75,11.36,0,0,0,0,25
39183.47,699824.8,37.22,10.22,1,0,0,1,25
39183.47,699824.8,11.99,12.32,2,0,0,1,25
39183.47,699824.8,22.75,11.36,0,0,0,1,25
40727.25,629412.8,36.88,9.73,1,2,0,0,25
40727.25,629412.8,11.99,12.07,2,2,0,0,25
40727.25,629412.8,22.67,11.01,0,2,0,0,25
40727.25,622088.6,36.88,9.73,1,2,0,1,25
40727.25,622088.6,11.99,12.07,2,2,0,1,25
40727.25,622088.6,22.67,11.01,0,2,0,1,25
42292.68,584315.8,37.12,9.14,1,3,0,0,25
42292.68,584315.8,11.92,11.65,2,3,0,0,25
42292.68,584315.8,22.79,10.52,0,3,0,0,25
42292.68,635027.3,37.12,9.14,1,3,0,1,25
42292.68,635027.3,11.92,11.65,2,3,0,1,25
42292.68,635027.3,22.79,10.52,0,3,0,1,25
43298.73,644751,22.42,10.4,0,4,0,0,25
43298.73,688923.4,22.42,10.4,0,4,0,1,25
1644777.31,535375.9,16.08,25.71,1,1,0,0,13
1644777.31,535375.9,7.43,29.78,2,1,0,0,13
1644777.31,535375.9,11.01,27.41,0,1,0,0,13
1644777.31,618156.9,16.08,25.71,1,1,0,1,13
1644777.31,618156.9,7.43,29.78,2,1,0,1,13
1644777.31,618156.9,11.01,27.41,0,1,0,1,13
1704457.64,524135.2,15.5,25.11,1,0,0,0,13
1704457.64,524135.2,6.68,29.44,2,0,0,0,13
1704457.64,524135.2,10.35,26.79,0,0,0,0,13
1704457.64,613020.6,15.5,25.11,1,0,0,1,13
1704457.64,613020.6,6.68,29.44,2,0,0,1,13
1704457.64,613020.6,10.35,26.79,0,0,0,1,13
1795916.63,420612,15.79,23.95,1,2,0,0,13
1795916.63,420612,6.77,28.42,2,2,0,0,13
1795916.63,420612,10.55,25.88,0,2,0,0,13
1795916.63,542881.2,15.79,23.95,1,2,0,1,13
1795916.63,542881.2,6.77,28.42,2,2,0,1,13
1795916.63,542881.2,10.55,25.88,0,2,0,1,13
1877123.31,393051.9,16.41,23.15,1,3,0,0,13
1877123.31,393051.9,6.76,28.06,2,3,0,0,13
1877123.31,393051.9,10.81,25.52,0,3,0,0,13
1877123.31,511947.3,16.41,23.15,1,3,0,1,13
1877123.31,511947.3,6.76,28.06,2,3,0,1,13
1877123.31,511947.3,10.81,25.52,0,3,0,1,13
1972970.74,457492.7,16.95,23.16,1,4,0,0,13
1972970.74,457492.7,7.34,27.9,2,4,0,0,13
1972970.74,457492.7,11.39,25.41,0,4,0,0,13
1972970.74,577381.4,16.95,23.16,1,4,0,1,13
1972970.74,577381.4,7.34,27.9,2,4,0,1,13
1972970.74,577381.4,11.39,25.41,0,4,0,1,13
32615.7,535375.9,16.08,25.71,1,1,0,0,13
32615.7,535375.9,7.43,29.78,2,1,0,0,13
32615.7,535375.9,11.01,27.41,0,1,0,0,13
32615.7,618156.9,16.08,25.71,1,1,0,1,13
32615.7,618156.9,7.43,29.78,2,1,0,1,13
32615.7,618156.9,11.01,27.41,0,1,0,1,13
33587.36,524135.2,15.5,25.11,1,0,0,0,13
33587.36,524135.2,6.68,29.44,2,0,0,0,13
33587.36,524135.2,10.35,26.79,0,0,0,0,13
33587.36,613020.6,15.5,25.11,1,0,0,1,13
33587.36,613020.6,6.68,29.44,2,0,0,1,13
33587.36,613020.6,10.35,26.79,0,0,0,1,13
35203.7,420612,15.79,23.95,1,2,0,0,13
35203.7,420612,6.77,28.42,2,2,0,0,13
35203.7,420612,10.55,25.88,0,2,0,0,13
35203.7,542881.2,15.79,23.95,1,2,0,1,13
35203.7,542881.2,6.77,28.42,2,2,0,1,13
35203.7,542881.2,10.55,25.88,0,2,0,1,13
36629.66,393051.9,16.41,23.15,1,3,0,0,13
36629.66,393051.9,6.76,28.06,2,3,0,0,13
36629.66,393051.9,10.81,25.52,0,3,0,0,13
36629.66,511947.3,16.41,23.15,1,3,0,1,13
36629.66,511947.3,6.76,28.06,2,3,0,1,13
36629.66,511947.3,10.81,25.52,0,3,0,1,13
38350.32,457492.7,16.95,23.16,1,4,0,0,13
38350.32,457492.7,7.34,27.9,2,4,0,0,13
38350.32,457492.7,11.39,25.41,0,4,0,0,13
38350.32,577381.4,16.95,23.16,1,4,0,1,13
38350.32,577381.4,7.34,27.9,2,4,0,1,13
38350.32,577381.4,11.39,25.41,0,4,0,1,13
2064490.95,381638.2,27.59,33.81,1,1,0,0,24
2064490.95,381638.2,12.76,32.48,2,1,0,0,24
2064490.95,381638.2,18.45,32.92,0,1,0,0,24
2064490.95,380729.1,27.59,33.81,1,1,0,1,24
2064490.95,380729.1,12.76,32.48,2,1,0,1,24
2064490.95,380729.1,18.45,32.92,0,1,0,1,24
2171631.6,400439.6,27.53,32.74,1,0,0,0,24
2171631.6,400439.6,12.44,31.65,2,0,0,0,24
2171631.6,400439.6,18.16,32.18,0,0,0,0,24
2171631.6,397649.5,27.53,32.74,1,0,0,1,24
2171631.6,397649.5,12.44,31.65,2,0,0,1,24
2171631.6,397649.5,18.16,32.18,0,0,0,1,24
2170274.51,395573.4,27.48,32.81,1,2,0,0,24
2170274.51,395573.4,12.35,31.69,2,2,0,0,24
2170274.51,395573.4,18.11,32.08,0,2,0,0,24
2170274.51,380976.1,27.48,32.81,1,2,0,1,24
2170274.51,380976.1,12.35,31.69,2,2,0,1,24
2170274.51,380976.1,18.11,32.08,0,2,0,1,24
2266350.46,387369,26.9,32.69,1,3,0,0,24
2266350.46,387369,12.03,30.83,2,3,0,0,24
2266350.46,387369,17.72,31.66,0,3,0,0,24
2266350.46,374303.6,26.9,32.69,1,3,0,1,24
2266350.46,374303.6,12.03,30.83,2,3,0,1,24
2266350.46,374303.6,17.72,31.66,0,3,0,1,24
2358275.47,420764.5,17.2,31.45,0,4,0,0,24
2358275.47,409774.7,17.2,31.45,0,4,0,1,24
17437.32,381638.2,27.59,33.81,1,1,0,0,24
17437.32,381638.2,12.76,32.48,2,1,0,0,24
17437.32,381638.2,18.45,32.92,0,1,0,0,24
17437.32,380729.1,27.59,33.81,1,1,0,1,24
17437.32,380729.1,12.76,32.48,2,1,0,1,24
17437.32,380729.1,18.45,32.92,0,1,0,1,24
18140.32,400439.6,27.53,32.74,1,0,0,0,24
18140.32,400439.6,12.44,31.65,2,0,0,0,24
18140.32,400439.6,18.16,32.18,0,0,0,0,24
18140.32,397649.5,27.53,32.74,1,0,0,1,24
18140.32,397649.5,12.44,31.65,2,0,0,1,24
18140.32,397649.5,18.16,32.18,0,0,0,1,24
17935.41,395573.4,27.48,32.81,1,2,0,0,24
17935.41,395573.4,12.35,31.69,2,2,0,0,24
17935.41,395573.4,18.11,32.08,0,2,0,0,24
17935.41,380976.1,27.48,32.81,1,2,0,1,24
17935.41,380976.1,12.35,31.69,2,2,0,1,24
17935.41,380976.1,18.11,32.08,0,2,0,1,24
18535.17,387369,26.9,32.69,1,3,0,0,24
18535.17,387369,12.03,30.83,2,3,0,0,24
18535.17,387369,17.72,31.66,0,3,0,0,24
18535.17,374303.6,26.9,32.69,1,3,0,1,24
18535.17,374303.6,12.03,30.83,2,3,0,1,24
18535.17,374303.6,17.72,31.66,0,3,0,1,24
19092.57,420764.5,17.2,31.45,0,4,0,0,24
19092.57,409774.7,17.2,31.45,0,4,0,1,24
827475.79,467335.8,61.14,12.24,1,1,0,0,11
827475.79,467335.8,19.15,19.33,2,1,0,0,11
827475.79,467335.8,38.55,16.05,0,1,0,0,11
827475.79,567358.8,61.14,12.24,1,1,0,1,11
827475.79,567358.8,19.15,19.33,2,1,0,1,11
827475.79,567358.8,38.55,16.05,0,1,0,1,11
830318.43,469337,60.64,12.67,1,0,0,0,11
830318.43,469337,19.4,19.96,2,0,0,0,11
830318.43,469337,38.31,16.62,0,0,0,0,11
830318.43,570064.7,60.64,12.67,1,0,0,1,11
830318.43,570064.7,19.4,19.96,2,0,0,1,11
830318.43,570064.7,38.31,16.62,0,0,0,1,11
847037.24,391507.4,60.73,13.36,1,2,0,0,11
847037.24,391507.4,19.5,19.82,2,2,0,0,11
847037.24,391507.4,38.52,16.84,0,2,0,0,11
847037.24,464109.2,60.73,13.36,1,2,0,1,11
847037.24,464109.2,19.5,19.82,2,2,0,1,11
847037.24,464109.2,38.52,16.84,0,2,0,1,11
867666,392793.6,59.78,13.24,1,3,0,0,11
867666,392793.6,18.7,19.88,2,3,0,0,11
867666,392793.6,37.7,16.81,0,3,0,0,11
867666,465452.4,59.78,13.24,1,3,0,1,11
867666,465452.4,18.7,19.88,2,3,0,1,11
867666,465452.4,37.7,16.81,0,3,0,1,11
904291.03,441054.9,58.7,13.22,1,4,0,0,11
904291.03,441054.9,18.91,19.77,2,4,0,0,11
904291.03,441054.9,37.37,16.73,0,4,0,0,11
904291.03,520958.5,58.7,13.22,1,4,0,1,11
904291.03,520958.5,18.91,19.77,2,4,0,1,11
904291.03,520958.5,37.37,16.73,0,4,0,1,11
49254.51,467335.8,61.14,12.24,1,1,0,0,11
49254.51,467335.8,19.15,19.33,2,1,0,0,11
49254.51,467335.8,38.55,16.05,0,1,0,0,11
49254.51,567358.8,61.14,12.24,1,1,0,1,11
49254.51,567358.8,19.15,19.33,2,1,0,1,11
49254.51,567358.8,38.55,16.05,0,1,0,1,11
49239.07,469337,60.64,12.67,1,0,0,0,11
49239.07,469337,19.4,19.96,2,0,0,0,11
49239.07,469337,38.31,16.62,0,0,0,0,11
49239.07,570064.7,60.64,12.67,1,0,0,1,11
49239.07,570064.7,19.4,19.96,2,0,0,1,11
49239.07,570064.7,38.31,16.62,0,0,0,1,11
50028.78,391507.4,60.73,13.36,1,2,0,0,11
50028.78,391507.4,19.5,19.82,2,2,0,0,11
50028.78,391507.4,38.52,16.84,0,2,0,0,11
50028.78,464109.2,60.73,13.36,1,2,0,1,11
50028.78,464109.2,19.5,19.82,2,2,0,1,11
50028.78,464109.2,38.52,16.84,0,2,0,1,11
50961.24,392793.6,59.78,13.24,1,3,0,0,11
50961.24,392793.6,18.7,19.88,2,3,0,0,11
50961.24,392793.6,37.7,16.81,0,3,0,0,11
50961.24,465452.4,59.78,13.24,1,3,0,1,11
50961.24,465452.4,18.7,19.88,2,3,0,1,11
50961.24,465452.4,37.7,16.81,0,3,0,1,11
52799.15,441054.9,58.7,13.22,1,4,0,0,11
52799.15,441054.9,18.91,19.77,2,4,0,0,11
52799.15,441054.9,37.37,16.73,0,4,0,0,11
52799.15,520958.5,58.7,13.22,1,4,0,1,11
52799.15,520958.5,18.91,19.77,2,4,0,1,11
52799.15,520958.5,37.37,16.73,0,4,0,1,11
160890.97,38644.25,33.54,11.66,1,1,0,0,27
160890.97,38644.25,11,18.77,2,1,0,0,27
160890.97,38644.25,21.65,15.4,0,1,0,0,27
160890.97,39695.13,33.54,11.66,1,1,0,1,27
160890.97,39695.13,11,18.77,2,1,0,1,27
160890.97,39695.13,21.65,15.4,0,1,0,1,27
168135.58,40984.78,32.74,11.83,1,0,0,0,27
168135.58,40984.78,11.43,18.34,2,0,0,0,27
168135.58,40984.78,21.5,15.27,0,0,0,0,27
168135.58,41948.38,32.74,11.83,1,0,0,1,27
168135.58,41948.38,11.43,18.34,2,0,0,1,27
168135.58,41948.38,21.5,15.27,0,0,0,1,27
174016.17,35779.2,32.72,11.5,1,2,0,0,27
174016.17,35779.2,11.16,17.68,2,2,0,0,27
174016.17,35779.2,21.31,14.76,0,2,0,0,27
174016.17,34420.23,32.72,11.5,1,2,0,1,27
174016.17,34420.23,11.16,17.68,2,2,0,1,27
174016.17,34420.23,21.31,14.76,0,2,0,1,27
185217.64,35532.13,32.11,14.35,1,3,0,0,27
185217.64,35532.13,11.55,21.04,2,3,0,0,27
185217.64,35532.13,21.24,17.89,0,3,0,0,27
185217.64,33638.45,32.11,14.35,1,3,0,1,27
185217.64,33638.45,11.55,21.04,2,3,0,1,27
185217.64,33638.45,21.24,17.89,0,3,0,1,27
197072.52,39736.64,21.1,18.54,0,4,0,0,27
197072.52,38192.77,21.1,18.54,0,4,0,1,27
36074.21,38644.25,33.54,11.66,1,1,0,0,27
36074.21,38644.25,11,18.77,2,1,0,0,27
36074.21,38644.25,21.65,15.4,0,1,0,0,27
36074.21,39695.13,33.54,11.66,1,1,0,1,27
36074.21,39695.13,11,18.77,2,1,0,1,27
36074.21,39695.13,21.65,15.4,0,1,0,1,27
37083.28,40984.78,32.74,11.83,1,0,0,0,27
37083.28,40984.78,11.43,18.34,2,0,0,0,27
37083.28,40984.78,21.5,15.27,0,0,0,0,27
37083.28,41948.38,32.74,11.83,1,0,0,1,27
37083.28,41948.38,11.43,18.34,2,0,0,1,27
37083.28,41948.38,21.5,15.27,0,0,0,1,27
37641.4,35779.2,32.72,11.5,1,2,0,0,27
37641.4,35779.2,11.16,17.68,2,2,0,0,27
37641.4,35779.2,21.31,14.76,0,2,0,0,27
37641.4,34420.23,32.72,11.5,1,2,0,1,27
37641.4,34420.23,11.16,17.68,2,2,0,1,27
37641.4,34420.23,21.31,14.76,0,2,0,1,27
39241.03,35532.13,32.11,14.35,1,3,0,0,27
39241.03,35532.13,11.55,21.04,2,3,0,0,27
39241.03,35532.13,21.24,17.89,0,3,0,0,27
39241.03,33638.45,32.11,14.35,1,3,0,1,27
39241.03,33638.45,11.55,21.04,2,3,0,1,27
39241.03,33638.45,21.24,17.89,0,3,0,1,27
40886.42,39736.64,21.1,18.54,0,4,0,0,27
40886.42,38192.77,21.1,18.54,0,4,0,1,27
340619.81,91628.71,28.76,4.4,1,1,0,0,33
340619.81,91628.71,19.54,6.98,0,1,0,0,33
340619.81,155218.4,28.76,4.4,1,1,0,1,33
340619.81,155218.4,19.54,6.98,0,1,0,1,33
339136.65,90744.4,18.8,7.21,0,0,0,0,33
339136.65,143429.7,18.8,7.21,0,0,0,1,33
320353.16,76266.09,19.4,7.02,0,2,0,0,33
320353.16,103627.5,19.4,7.02,0,2,0,1,33
307833.65,73079.46,19.17,6.95,0,3,0,0,33
307833.65,88344.65,19.17,6.95,0,3,0,1,33
324403.92,94975.59,18.84,6.53,0,4,0,0,33
324403.92,103282.9,18.84,6.53,0,4,0,1,33
67051.14,91628.71,28.76,4.4,1,1,0,0,33
67051.14,91628.71,19.54,6.98,0,1,0,0,33
67051.14,155218.4,28.76,4.4,1,1,0,1,33
67051.14,155218.4,19.54,6.98,0,1,0,1,33
66018.42,90744.4,18.8,7.21,0,0,0,0,33
66018.42,143429.7,18.8,7.21,0,0,0,1,33
61713.19,76266.09,19.4,7.02,0,2,0,0,33
61713.19,103627.5,19.4,7.02,0,2,0,1,33
58791.76,73079.46,19.17,6.95,0,3,0,0,33
58791.76,88344.65,19.17,6.95,0,3,0,1,33
61475.07,94975.59,18.84,6.53,0,4,0,0,33
61475.07,103282.9,18.84,6.53,0,4,0,1,33
940325.26,198468.1,11.79,18.44,1,1,0,0,15
940325.26,198468.1,4.47,24.55,2,1,0,0,15
940325.26,198468.1,7.72,21.83,0,1,0,0,15
940325.26,198042.5,11.79,18.44,1,1,0,1,15
940325.26,198042.5,4.47,24.55,2,1,0,1,15
940325.26,198042.5,7.72,21.83,0,1,0,1,15
973192.27,214796.4,10.67,17.73,1,0,0,0,15
973192.27,214796.4,4.23,24.28,2,0,0,0,15
973192.27,214796.4,7.1,21.35,0,0,0,0,15
973192.27,210474,10.67,17.73,1,0,0,1,15
973192.27,210474,4.23,24.28,2,0,0,1,15
973192.27,210474,7.1,21.35,0,0,0,1,15
1010239.16,188558.9,9.57,17.63,1,2,0,0,15
1010239.16,188558.9,3.84,24.16,2,2,0,0,15
1010239.16,188558.9,6.41,21.23,0,2,0,0,15
1010239.16,191032.5,9.57,17.63,1,2,0,1,15
1010239.16,191032.5,3.84,24.16,2,2,0,1,15
1010239.16,191032.5,6.41,21.23,0,2,0,1,15
1039649.87,193033.3,9.05,16.84,1,3,0,0,15
1039649.87,193033.3,3.44,23.87,2,3,0,0,15
1039649.87,193033.3,5.95,20.72,0,3,0,0,15
1039649.87,196287.2,9.05,16.84,1,3,0,1,15
1039649.87,196287.2,3.44,23.87,2,3,0,1,15
1039649.87,196287.2,5.95,20.72,0,3,0,1,15
1102182.54,223004.2,9.46,16.1,1,4,0,0,15
1102182.54,223004.2,3.36,23.92,2,4,0,0,15
1102182.54,223004.2,6.09,20.41,0,4,0,0,15
1102182.54,223941.1,9.46,16.1,1,4,0,1,15
1102182.54,223941.1,3.36,23.92,2,4,0,1,15
1102182.54,223941.1,6.09,20.41,0,4,0,1,15
24422.76,198468.1,11.79,18.44,1,1,0,0,15
24422.76,198468.1,4.47,24.55,2,1,0,0,15
24422.76,198468.1,7.72,21.83,0,1,0,0,15
24422.76,198042.5,11.79,18.44,1,1,0,1,15
24422.76,198042.5,4.47,24.55,2,1,0,1,15
24422.76,198042.5,7.72,21.83,0,1,0,1,15
25288.23,214796.4,10.67,17.73,1,0,0,0,15
25288.23,214796.4,4.23,24.28,2,0,0,0,15
25288.23,214796.4,7.1,21.35,0,0,0,0,15
25288.23,210474,10.67,17.73,1,0,0,1,15
25288.23,210474,4.23,24.28,2,0,0,1,15
25288.23,210474,7.1,21.35,0,0,0,1,15
26270.68,188558.9,9.57,17.63,1,2,0,0,15
26270.68,188558.9,3.84,24.16,2,2,0,0,15
26270.68,188558.9,6.41,21.23,0,2,0,0,15
26270.68,191032.5,9.57,17.63,1,2,0,1,15
26270.68,191032.5,3.84,24.16,2,2,0,1,15
26270.68,191032.5,6.41,21.23,0,2,0,1,15
27055.19,193033.3,9.05,16.84,1,3,0,0,15
27055.19,193033.3,3.44,23.87,2,3,0,0,15
27055.19,193033.3,5.95,20.72,0,3,0,0,15
27055.19,196287.2,9.05,16.84,1,3,0,1,15
27055.19,196287.2,3.44,23.87,2,3,0,1,15
27055.19,196287.2,5.95,20.72,0,3,0,1,15
28686.24,223004.2,9.46,16.1,1,4,0,0,15
28686.24,223004.2,3.36,23.92,2,4,0,0,15
28686.24,223004.2,6.09,20.41,0,4,0,0,15
28686.24,223941.1,9.46,16.1,1,4,0,1,15
28686.24,223941.1,3.36,23.92,2,4,0,1,15
28686.24,223941.1,6.09,20.41,0,4,0,1,15
291753.19,72328.65,14.13,17.44,1,1,0,0,17
291753.19,72328.65,9.92,26.15,2,1,0,0,17
291753.19,72328.65,11.99,21.94,0,1,0,0,17
291753.19,61727.26,14.13,17.44,1,1,0,1,17
291753.19,61727.26,9.92,26.15,2,1,0,1,17
291753.19,61727.26,11.99,21.94,0,1,0,1,17
298995.49,75339.48,12.87,14.86,1,0,0,0,17
298995.49,75339.48,9.12,24.34,2,0,0,0,17
298995.49,75339.48,10.97,19.75,0,0,0,0,17
298995.49,62752.16,12.87,14.86,1,0,0,1,17
298995.49,62752.16,9.12,24.34,2,0,0,1,17
298995.49,62752.16,10.97,19.75,0,0,0,1,17
305898.81,64859.83,12.62,13.91,1,2,0,0,17
305898.81,64859.83,8.49,22.7,2,2,0,0,17
305898.81,64859.83,10.53,18.42,0,2,0,0,17
305898.81,54270.24,12.62,13.91,1,2,0,1,17
305898.81,54270.24,8.49,22.7,2,2,0,1,17
305898.81,54270.24,10.53,18.42,0,2,0,1,17
316563.99,64967.6,11.46,13.39,1,3,0,0,17
316563.99,64967.6,6.79,21.92,2,3,0,0,17
316563.99,64967.6,9.12,17.76,0,3,0,0,17
316563.99,54301.67,11.46,13.39,1,3,0,1,17
316563.99,54301.67,6.79,21.92,2,3,0,1,17
316563.99,54301.67,9.12,17.76,0,3,0,1,17
326030.08,74571.6,10.97,12.68,1,4,0,0,17
326030.08,74571.6,6.12,21.06,2,4,0,0,17
326030.08,74571.6,8.53,16.98,0,4,0,0,17
326030.08,60923.87,10.97,12.68,1,4,0,1,17
326030.08,60923.87,6.12,21.06,2,4,0,1,17
326030.08,60923.87,8.53,16.98,0,4,0,1,17
27899.48,72328.65,14.13,17.44,1,1,0,0,17
27899.48,72328.65,9.92,26.15,2,1,0,0,17
27899.48,72328.65,11.99,21.94,0,1,0,0,17
27899.48,61727.26,14.13,17.44,1,1,0,1,17
27899.48,61727.26,9.92,26.15,2,1,0,1,17
27899.48,61727.26,11.99,21.94,0,1,0,1,17
28746.53,75339.48,12.87,14.86,1,0,0,0,17
28746.53,75339.48,9.12,24.34,2,0,0,0,17
28746.53,75339.48,10.97,19.75,0,0,0,0,17
28746.53,62752.16,12.87,14.86,1,0,0,1,17
28746.53,62752.16,9.12,24.34,2,0,0,1,17
28746.53,62752.16,10.97,19.75,0,0,0,1,17
29532.33,64859.83,12.62,13.91,1,2,0,0,17
29532.33,64859.83,8.49,22.7,2,2,0,0,17
29532.33,64859.83,10.53,18.42,0,2,0,0,17
29532.33,54270.24,12.62,13.91,1,2,0,1,17
29532.33,54270.24,8.49,22.7,2,2,0,1,17
29532.33,54270.24,10.53,18.42,0,2,0,1,17
30658.47,64967.6,11.46,13.39,1,3,0,0,17
30658.47,64967.6,6.79,21.92,2,3,0,0,17
30658.47,64967.6,9.12,17.76,0,3,0,0,17
30658.47,54301.67,11.46,13.39,1,3,0,1,17
30658.47,54301.67,6.79,21.92,2,3,0,1,17
30658.47,54301.67,9.12,17.76,0,3,0,1,17
31652.48,74571.6,10.97,12.68,1,4,0,0,17
31652.48,74571.6,6.12,21.06,2,4,0,0,17
31652.48,74571.6,8.53,16.98,0,4,0,0,17
31652.48,60923.87,10.97,12.68,1,4,0,1,17
31652.48,60923.87,6.12,21.06,2,4,0,1,17
31652.48,60923.87,8.53,16.98,0,4,0,1,17
160121.67,70554.31,5.72,15.15,0,2,0,0,35
160121.67,71718.1,5.72,15.15,0,2,0,1,35
29529.98,70554.31,5.72,15.15,0,2,0,0,35
29529.98,71718.1,5.72,15.15,0,2,0,1,35
1519995.3,331291.3,23.43,13.06,1,1,0,0,12
1519995.3,331291.3,7.27,21.89,2,1,0,0,12
1519995.3,331291.3,14.73,17.86,0,1,0,0,12
1519995.3,312691.8,23.43,13.06,1,1,0,1,12
1519995.3,312691.8,7.27,21.89,2,1,0,1,12
1519995.3,312691.8,14.73,17.86,0,1,0,1,12
1566855.24,346993.1,23.57,12.96,1,0,0,0,12
1566855.24,346993.1,7.11,21.47,2,0,0,0,12
1566855.24,346993.1,14.71,17.59,0,0,0,0,12
1566855.24,317515.7,23.57,12.96,1,0,0,1,12
1566855.24,317515.7,7.11,21.47,2,0,0,1,12
1566855.24,317515.7,14.71,17.59,0,0,0,1,12
1617121.93,302088.3,23.08,12.81,1,2,0,0,12
1617121.93,302088.3,7.15,20.99,2,2,0,0,12
1617121.93,302088.3,14.47,17.28,0,2,0,0,12
1617121.93,277346,23.08,12.81,1,2,0,1,12
1617121.93,277346,7.15,20.99,2,2,0,1,12
1617121.93,277346,14.47,17.28,0,2,0,1,12
1687612.99,300044.8,22.33,12.72,1,3,0,0,12
1687612.99,300044.8,7.12,20.46,2,3,0,0,12
1687612.99,300044.8,14.13,16.94,0,3,0,0,12
1687612.99,280776.5,22.33,12.72,1,3,0,1,12
1687612.99,280776.5,7.12,20.46,2,3,0,1,12
1687612.99,280776.5,14.13,16.94,0,3,0,1,12
1769635.78,338211.7,22.06,12.17,1,4,0,0,12
1769635.78,338211.7,6.68,20.08,2,4,0,0,12
1769635.78,338211.7,13.77,16.48,0,4,0,0,12
1769635.78,313457.1,22.06,12.17,1,4,0,1,12
1769635.78,313457.1,6.68,20.08,2,4,0,1,12
1769635.78,313457.1,13.77,16.48,0,4,0,1,12
32622.66,331291.3,23.43,13.06,1,1,0,0,12
32622.66,331291.3,7.27,21.89,2,1,0,0,12
32622.66,331291.3,14.73,17.86,0,1,0,0,12
32622.66,312691.8,23.43,13.06,1,1,0,1,12
32622.66,312691.8,7.27,21.89,2,1,0,1,12
32622.66,312691.8,14.73,17.86,0,1,0,1,12
33728.36,346993.1,23.57,12.96,1,0,0,0,12
33728.36,346993.1,7.11,21.47,2,0,0,0,12
33728.36,346993.1,14.71,17.59,0,0,0,0,12
33728.36,317515.7,23.57,12.96,1,0,0,1,12
33728.36,317515.7,7.11,21.47,2,0,0,1,12
33728.36,317515.7,14.71,17.59,0,0,0,1,12
34844.14,302088.3,23.08,12.81,1,2,0,0,12
34844.14,302088.3,7.15,20.99,2,2,0,0,12
34844.14,302088.3,14.47,17.28,0,2,0,0,12
34844.14,277346,23.08,12.81,1,2,0,1,12
34844.14,277346,7.15,20.99,2,2,0,1,12
34844.14,277346,14.47,17.28,0,2,0,1,12
36331.53,300044.8,22.33,12.72,1,3,0,0,12
36331.53,300044.8,7.12,20.46,2,3,0,0,12
36331.53,300044.8,14.13,16.94,0,3,0,0,12
36331.53,280776.5,22.33,12.72,1,3,0,1,12
36331.53,280776.5,7.12,20.46,2,3,0,1,12
36331.53,280776.5,14.13,16.94,0,3,0,1,12
38016.59,338211.7,22.06,12.17,1,4,0,0,12
38016.59,338211.7,6.68,20.08,2,4,0,0,12
38016.59,338211.7,13.77,16.48,0,4,0,0,12
38016.59,313457.1,22.06,12.17,1,4,0,1,12
38016.59,313457.1,6.68,20.08,2,4,0,1,12
38016.59,313457.1,13.77,16.48,0,4,0,1,12
438479.77,160053.6,18.39,6.22,1,1,0,0,0
438479.77,160053.6,10.57,14.55,2,1,0,0,0
438479.77,160053.6,14.29,10.59,0,1,0,0,0
438479.77,178629.8,18.39,6.22,1,1,0,1,0
438479.77,178629.8,10.57,14.55,2,1,0,1,0
438479.77,178629.8,14.29,10.59,0,1,0,1,0
451103.59,161965.7,18.29,6.2,1,0,0,0,0
451103.59,161965.7,10.54,14.08,2,0,0,0,0
451103.59,161965.7,14.22,10.33,0,0,0,0,0
451103.59,179357.5,18.29,6.2,1,0,0,1,0
451103.59,179357.5,10.54,14.08,2,0,0,1,0
451103.59,179357.5,14.22,10.33,0,0,0,1,0
469295.54,138605.3,18,6.23,1,2,0,0,0
469295.54,138605.3,10.62,13.93,2,2,0,0,0
469295.54,138605.3,14.14,10.25,0,2,0,0,0
469295.54,152403.9,18,6.23,1,2,0,1,0
469295.54,152403.9,10.62,13.93,2,2,0,1,0
469295.54,152403.9,14.14,10.25,0,2,0,1,0
485284.05,140348.7,17.83,6.12,1,3,0,0,0
485284.05,140348.7,10.11,13.54,2,3,0,0,0
485284.05,140348.7,13.8,9.99,0,3,0,0,0
485284.05,152298.2,17.83,6.12,1,3,0,1,0
485284.05,152298.2,10.11,13.54,2,3,0,1,0
485284.05,152298.2,13.8,9.99,0,3,0,1,0
505482.93,152987.2,17.51,5.78,1,4,0,0,0
505482.93,152987.2,10.44,13.57,2,4,0,0,0
505482.93,152987.2,13.81,9.86,0,4,0,0,0
505482.93,165419.1,17.51,5.78,1,4,0,1,0
505482.93,165419.1,10.44,13.57,2,4,0,1,0
505482.93,165419.1,13.81,9.86,0,4,0,1,0
45673.07,160053.6,18.39,6.22,1,1,0,0,0
45673.07,160053.6,10.57,14.55,2,1,0,0,0
45673.07,160053.6,14.29,10.59,0,1,0,0,0
45673.07,178629.8,18.39,6.22,1,1,0,1,0
45673.07,178629.8,10.57,14.55,2,1,0,1,0
45673.07,178629.8,14.29,10.59,0,1,0,1,0
46524.23,161965.7,18.29,6.2,1,0,0,0,0
46524.23,161965.7,10.54,14.08,2,0,0,0,0
46524.23,161965.7,14.22,10.33,0,0,0,0,0
46524.23,179357.5,18.29,6.2,1,0,0,1,0
46524.23,179357.5,10.54,14.08,2,0,0,1,0
46524.23,179357.5,14.22,10.33,0,0,0,1,0
47891.21,138605.3,18,6.23,1,2,0,0,0
47891.21,138605.3,10.62,13.93,2,2,0,0,0
47891.21,138605.3,14.14,10.25,0,2,0,0,0
47891.21,152403.9,18,6.23,1,2,0,1,0
47891.21,152403.9,10.62,13.93,2,2,0,1,0
47891.21,152403.9,14.14,10.25,0,2,0,1,0
48853.28,140348.7,17.83,6.12,1,3,0,0,0
48853.28,140348.7,10.11,13.54,2,3,0,0,0
48853.28,140348.7,13.8,9.99,0,3,0,0,0
48853.28,152298.2,17.83,6.12,1,3,0,1,0
48853.28,152298.2,10.11,13.54,2,3,0,1,0
48853.28,152298.2,13.8,9.99,0,3,0,1,0
50178.98,152987.2,17.51,5.78,1,4,0,0,0
50178.98,152987.2,10.44,13.57,2,4,0,0,0
50178.98,152987.2,13.81,9.86,0,4,0,0,0
50178.98,165419.1,17.51,5.78,1,4,0,1,0
50178.98,165419.1,10.44,13.57,2,4,0,1,0
50178.98,165419.1,13.81,9.86,0,4,0,1,0
486238.75,319995.7,45.74,12.98,1,1,0,0,3
486238.75,319995.7,9.76,17.34,2,1,0,0,3
486238.75,319995.7,26.35,15.33,0,1,0,0,3
486238.75,373362.7,45.74,12.98,1,1,0,1,3
486238.75,373362.7,9.76,17.34,2,1,0,1,3
486238.75,373362.7,26.35,15.33,0,1,0,1,3
506895.04,274062.9,45.6,13.03,1,0,0,0,3
506895.04,274062.9,10.77,17.2,2,0,0,0,3
506895.04,274062.9,26.92,15.27,0,0,0,0,3
506895.04,329635.1,45.6,13.03,1,0,0,1,3
506895.04,329635.1,10.77,17.2,2,0,0,1,3
506895.04,329635.1,26.92,15.27,0,0,0,1,3
527160.45,249714.3,44.96,13.07,1,2,0,0,3
527160.45,249714.3,10.86,16.42,2,2,0,0,3
527160.45,249714.3,26.75,14.87,0,2,0,0,3
527160.45,303258,44.96,13.07,1,2,0,1,3
527160.45,303258,10.86,16.42,2,2,0,1,3
527160.45,303258,26.75,14.87,0,2,0,1,3
534902.66,266418.3,43.66,13,1,3,0,0,3
534902.66,266418.3,10.43,16.85,2,3,0,0,3
534902.66,266418.3,25.95,15.06,0,3,0,0,3
534902.66,315920.5,43.66,13,1,3,0,1,3
534902.66,315920.5,10.43,16.85,2,3,0,1,3
534902.66,315920.5,25.95,15.06,0,3,0,1,3
547854.06,264384.5,44.57,12.81,1,4,0,0,3
547854.06,264384.5,11.2,16.63,2,4,0,0,3
547854.06,264384.5,26.7,14.86,0,4,0,0,3
547854.06,313525.4,44.57,12.81,1,4,0,1,3
547854.06,313525.4,11.2,16.63,2,4,0,1,3
547854.06,313525.4,26.7,14.86,0,4,0,1,3
60108.54,319995.7,45.74,12.98,1,1,0,0,3
60108.54,319995.7,9.76,17.34,2,1,0,0,3
60108.54,319995.7,26.35,15.33,0,1,0,0,3
60108.54,373362.7,45.74,12.98,1,1,0,1,3
60108.54,373362.7,9.76,17.34,2,1,0,1,3
60108.54,373362.7,26.35,15.33,0,1,0,1,3
61902.16,274062.9,45.6,13.03,1,0,0,0,3
61902.16,274062.9,10.77,17.2,2,0,0,0,3
61902.16,274062.9,26.92,15.27,0,0,0,0,3
61902.16,329635.1,45.6,13.03,1,0,0,1,3
61902.16,329635.1,10.77,17.2,2,0,0,1,3
61902.16,329635.1,26.92,15.27,0,0,0,1,3
63648.3,249714.3,44.96,13.07,1,2,0,0,3
63648.3,249714.3,10.86,16.42,2,2,0,0,3
63648.3,249714.3,26.75,14.87,0,2,0,0,3
63648.3,303258,44.96,13.07,1,2,0,1,3
63648.3,303258,10.86,16.42,2,2,0,1,3
63648.3,303258,26.75,14.87,0,2,0,1,3
63888.71,266418.3,43.66,13,1,3,0,0,3
63888.71,266418.3,10.43,16.85,2,3,0,0,3
63888.71,266418.3,25.95,15.06,0,3,0,0,3
63888.71,315920.5,43.66,13,1,3,0,1,3
63888.71,315920.5,10.43,16.85,2,3,0,1,3
63888.71,315920.5,25.95,15.06,0,3,0,1,3
64834.8,264384.5,44.57,12.81,1,4,0,0,3
64834.8,264384.5,11.2,16.63,2,4,0,0,3
64834.8,264384.5,26.7,14.86,0,4,0,0,3
64834.8,313525.4,44.57,12.81,1,4,0,1,3
64834.8,313525.4,11.2,16.63,2,4,0,1,3
64834.8,313525.4,26.7,14.86,0,4,0,1,3
1690856.09,241706.3,24.54,43.42,1,1,0,0,9
1690856.09,241706.3,7.01,32.72,2,1,0,0,9
1690856.09,241706.3,12.26,35.93,0,1,0,0,9
1690856.09,161785.8,24.54,43.42,1,1,0,1,9
1690856.09,161785.8,7.01,32.72,2,1,0,1,9
1690856.09,161785.8,12.26,35.93,0,1,0,1,9
1851026,232518.8,20.64,39.77,1,0,0,0,9
1851026,232518.8,6.39,31.48,2,0,0,0,9
1851026,232518.8,10.61,33.94,0,0,0,0,9
1851026,168925.8,20.64,39.77,1,0,0,1,9
1851026,168925.8,6.39,31.48,2,0,0,1,9
1851026,168925.8,10.61,33.94,0,0,0,1,9
1944645.92,200086.5,19,38.19,1,2,0,0,9
1944645.92,200086.5,5.92,30.55,2,2,0,0,9
1944645.92,200086.5,9.88,32.86,0,2,0,0,9
1944645.92,151972.2,19,38.19,1,2,0,1,9
1944645.92,151972.2,5.92,30.55,2,2,0,1,9
1944645.92,151972.2,9.88,32.86,0,2,0,1,9
2007466.27,191019.8,17.77,36.54,1,3,0,0,9
2007466.27,191019.8,5.8,30.65,2,3,0,0,9
2007466.27,191019.8,9.45,32.45,0,3,0,0,9
2007466.27,150165.8,17.77,36.54,1,3,0,1,9
2007466.27,150165.8,5.8,30.65,2,3,0,1,9
2007466.27,150165.8,9.45,32.45,0,3,0,1,9
2140141.69,225111.9,17.87,36.56,1,4,0,0,9
2140141.69,225111.9,5.89,31.02,2,4,0,0,9
2140141.69,225111.9,9.6,32.73,0,4,0,0,9
2140141.69,166164.5,17.87,36.56,1,4,0,1,9
2140141.69,166164.5,5.89,31.02,2,4,0,1,9
2140141.69,166164.5,9.6,32.73,0,4,0,1,9
22314.4,241706.3,24.54,43.42,1,1,0,0,9
22314.4,241706.3,7.01,32.72,2,1,0,0,9
22314.4,241706.3,12.26,35.93,0,1,0,0,9
22314.4,161785.8,24.54,43.42,1,1,0,1,9
22314.4,161785.8,7.01,32.72,2,1,0,1,9
22314.4,161785.8,12.26,35.93,0,1,0,1,9
24158.81,232518.8,20.64,39.77,1,0,0,0,9
24158.81,232518.8,6.39,31.48,2,0,0,0,9
24158.81,232518.8,10.61,33.94,0,0,0,0,9
24158.81,168925.8,20.64,39.77,1,0,0,1,9
24158.81,168925.8,6.39,31.48,2,0,0,1,9
24158.81,168925.8,10.61,33.94,0,0,0,1,9
25111.78,200086.5,19,38.19,1,2,0,0,9
25111.78,200086.5,5.92,30.55,2,2,0,0,9
25111.78,200086.5,9.88,32.86,0,2,0,0,9
25111.78,151972.2,19,38.19,1,2,0,1,9
25111.78,151972.2,5.92,30.55,2,2,0,1,9
25111.78,151972.2,9.88,32.86,0,2,0,1,9
25655.47,191019.8,17.77,36.54,1,3,0,0,9
25655.47,191019.8,5.8,30.65,2,3,0,0,9
25655.47,191019.8,9.45,32.45,0,3,0,0,9
25655.47,150165.8,17.77,36.54,1,3,0,1,9
25655.47,150165.8,5.8,30.65,2,3,0,1,9
25655.47,150165.8,9.45,32.45,0,3,0,1,9
27077.72,225111.9,17.87,36.56,1,4,0,0,9
27077.72,225111.9,5.89,31.02,2,4,0,0,9
27077.72,225111.9,9.6,32.73,0,4,0,0,9
27077.72,166164.5,17.87,36.56,1,4,0,1,9
27077.72,166164.5,5.89,31.02,2,4,0,1,9
27077.72,166164.5,9.6,32.73,0,4,0,1,9
2533408.31,655541.8,38.72,9.8,1,1,0,0,14
2533408.31,655541.8,12.16,18.78,2,1,0,0,14
2533408.31,655541.8,24.64,14.58,0,1,0,0,14
2533408.31,469546,38.72,9.8,1,1,0,1,14
2533408.31,469546,12.16,18.78,2,1,0,1,14
2533408.31,469546,24.64,14.58,0,1,0,1,14
2640578.63,683588.4,38.05,10.48,1,0,0,0,14
2640578.63,683588.4,11.74,19.39,2,0,0,0,14
2640578.63,683588.4,24.1,15.22,0,0,0,0,14
2640578.63,482603.5,38.05,10.48,1,0,0,1,14
2640578.63,482603.5,11.74,19.39,2,0,0,1,14
2640578.63,482603.5,24.1,15.22,0,0,0,1,14
2718230.51,618127.4,37.67,10.4,1,2,0,0,14
2718230.51,618127.4,11.86,19,2,2,0,0,14
2718230.51,618127.4,23.97,14.98,0,2,0,0,14
2718230.51,438126.4,37.67,10.4,1,2,0,1,14
2718230.51,438126.4,11.86,19,2,2,0,1,14
2718230.51,438126.4,23.97,14.98,0,2,0,1,14
2806914.75,582662,37.5,10.86,1,3,0,0,14
2806914.75,582662,11.65,19.44,2,3,0,0,14
2806914.75,582662,23.81,15.43,0,3,0,0,14
2806914.75,403633,37.5,10.86,1,3,0,1,14
2806914.75,403633,11.65,19.44,2,3,0,1,14
2806914.75,403633,23.81,15.43,0,3,0,1,14
2860929.42,613367.1,36.95,11,1,4,0,0,14
2860929.42,613367.1,11.46,19.22,2,4,0,0,14
2860929.42,613367.1,23.5,15.36,0,4,0,0,14
2860929.42,436372.1,36.95,11,1,4,0,1,14
2860929.42,436372.1,11.46,19.22,2,4,0,1,14
2860929.42,436372.1,23.5,15.36,0,4,0,1,14
39519.05,655541.8,38.72,9.8,1,1,0,0,14
39519.05,655541.8,12.16,18.78,2,1,0,0,14
39519.05,655541.8,24.64,14.58,0,1,0,0,14
39519.05,469546,38.72,9.8,1,1,0,1,14
39519.05,469546,12.16,18.78,2,1,0,1,14
39519.05,469546,24.64,14.58,0,1,0,1,14
40877.73,683588.4,38.05,10.48,1,0,0,0,14
40877.73,683588.4,11.74,19.39,2,0,0,0,14
40877.73,683588.4,24.1,15.22,0,0,0,0,14
40877.73,482603.5,38.05,10.48,1,0,0,1,14
40877.73,482603.5,11.74,19.39,2,0,0,1,14
40877.73,482603.5,24.1,15.22,0,0,0,1,14
41748.28,618127.4,37.67,10.4,1,2,0,0,14
41748.28,618127.4,11.86,19,2,2,0,0,14
41748.28,618127.4,23.97,14.98,0,2,0,0,14
41748.28,438126.4,37.67,10.4,1,2,0,1,14
41748.28,438126.4,11.86,19,2,2,0,1,14
41748.28,438126.4,23.97,14.98,0,2,0,1,14
42757.05,582662,37.5,10.86,1,3,0,0,14
42757.05,582662,11.65,19.44,2,3,0,0,14
42757.05,582662,23.81,15.43,0,3,0,0,14
42757.05,403633,37.5,10.86,1,3,0,1,14
42757.05,403633,11.65,19.44,2,3,0,1,14
42757.05,403633,23.81,15.43,0,3,0,1,14
43313.95,613367.1,36.95,11,1,4,0,0,14
43313.95,613367.1,11.46,19.22,2,4,0,0,14
43313.95,613367.1,23.5,15.36,0,4,0,0,14
43313.95,436372.1,36.95,11,1,4,0,1,14
43313.95,436372.1,11.46,19.22,2,4,0,1,14
43313.95,436372.1,23.5,15.36,0,4,0,1,14
394291.94,74754.5,24.27,25.07,1,1,0,0,10
394291.94,74754.5,11.31,25.66,2,1,0,0,10
394291.94,74754.5,16.54,25.42,0,1,0,0,10
394291.94,76769.94,24.27,25.07,1,1,0,1,10
394291.94,76769.94,11.31,25.66,2,1,0,1,10
394291.94,76769.94,16.54,25.42,0,1,0,1,10
404733.22,68598.85,24.98,25.64,1,0,0,0,10
404733.22,68598.85,11.46,26.04,2,0,0,0,10
404733.22,68598.85,17,25.87,0,0,0,0,10
404733.22,75064.7,24.98,25.64,1,0,0,1,10
404733.22,75064.7,11.46,26.04,2,0,0,1,10
404733.22,75064.7,17,25.87,0,0,0,1,10
404737.22,58608.96,24.47,25.25,1,2,0,0,10
404737.22,58608.96,11.51,25.93,2,2,0,0,10
404737.22,58608.96,16.8,25.65,0,2,0,0,10
404737.22,62035.09,24.47,25.25,1,2,0,1,10
404737.22,62035.09,11.51,25.93,2,2,0,1,10
404737.22,62035.09,16.8,25.65,0,2,0,1,10
420457.03,55293.2,25.04,25.99,1,3,0,0,10
420457.03,55293.2,12.2,26.81,2,3,0,0,10
420457.03,55293.2,17.44,26.47,0,3,0,0,10
420457.03,60733.44,25.04,25.99,1,3,0,1,10
420457.03,60733.44,12.2,26.81,2,3,0,1,10
420457.03,60733.44,17.44,26.47,0,3,0,1,10
444777.64,61307.65,24.88,26.46,1,4,0,0,10
444777.64,61307.65,12.49,28.11,2,4,0,0,10
444777.64,61307.65,17.58,27.43,0,4,0,0,10
444777.64,69229.87,24.88,26.46,1,4,0,1,10
444777.64,69229.87,12.49,28.11,2,4,0,1,10
444777.64,69229.87,17.58,27.43,0,4,0,1,10
22352.53,74754.5,24.27,25.07,1,1,0,0,10
22352.53,74754.5,11.31,25.66,2,1,0,0,10
22352.53,74754.5,16.54,25.42,0,1,0,0,10
22352.53,76769.94,24.27,25.07,1,1,0,1,10
22352.53,76769.94,11.31,25.66,2,1,0,1,10
22352.53,76769.94,16.54,25.42,0,1,0,1,10
22691.63,68598.85,24.98,25.64,1,0,0,0,10
22691.63,68598.85,11.46,26.04,2,0,0,0,10
22691.63,68598.85,17,25.87,0,0,0,0,10
22691.63,75064.7,24.98,25.64,1,0,0,1,10
22691.63,75064.7,11.46,26.04,2,0,0,1,10
22691.63,75064.7,17,25.87,0,0,0,1,10
22429.7,58608.96,24.47,25.25,1,2,0,0,10
22429.7,58608.96,11.51,25.93,2,2,0,0,10
22429.7,58608.96,16.8,25.65,0,2,0,0,10
22429.7,62035.09,24.47,25.25,1,2,0,1,10
22429.7,62035.09,11.51,25.93,2,2,0,1,10
22429.7,62035.09,16.8,25.65,0,2,0,1,10
23003.91,55293.2,25.04,25.99,1,3,0,0,10
23003.91,55293.2,12.2,26.81,2,3,0,0,10
23003.91,55293.2,17.44,26.47,0,3,0,0,10
23003.91,60733.44,25.04,25.99,1,3,0,1,10
23003.91,60733.44,12.2,26.81,2,3,0,1,10
23003.91,60733.44,17.44,26.47,0,3,0,1,10
24012.91,61307.65,24.88,26.46,1,4,0,0,10
24012.91,61307.65,12.49,28.11,2,4,0,0,10
24012.91,61307.65,17.58,27.43,0,4,0,0,10
24012.91,69229.87,24.88,26.46,1,4,0,1,10
24012.91,69229.87,12.49,28.11,2,4,0,1,10
24012.91,69229.87,17.58,27.43,0,4,0,1,10
602441.5,57103.07,28.39,52.1,1,1,0,0,26
602441.5,57103.07,10.21,52.94,2,1,0,0,26
602441.5,57103.07,17.79,53.26,0,1,0,0,26
602441.5,60282.3,28.39,52.1,1,1,0,1,26
602441.5,60282.3,10.21,52.94,2,1,0,1,26
602441.5,60282.3,17.79,53.26,0,1,0,1,26
640170.13,61539.34,26.63,50.72,1,0,0,0,26
640170.13,61539.34,9.21,52.5,2,0,0,0,26
640170.13,61539.34,16.49,52.38,0,0,0,0,26
640170.13,56898.75,26.63,50.72,1,0,0,1,26
640170.13,56898.75,9.21,52.5,2,0,0,1,26
640170.13,56898.75,16.49,52.38,0,0,0,1,26
666806.17,52050.75,26.97,49.98,1,2,0,0,26
666806.17,52050.75,9.07,52.27,2,2,0,0,26
666806.17,52050.75,16.58,51.84,0,2,0,0,26
666806.17,38572.11,26.97,49.98,1,2,0,1,26
666806.17,38572.11,9.07,52.27,2,2,0,1,26
666806.17,38572.11,16.58,51.84,0,2,0,1,26
683034.01,43238.95,26.1,49.85,1,3,0,0,26
683034.01,43238.95,8.48,52.4,2,3,0,0,26
683034.01,43238.95,15.88,51.79,0,3,0,0,26
683034.01,34090.74,26.1,49.85,1,3,0,1,26
683034.01,34090.74,8.48,52.4,2,3,0,1,26
683034.01,34090.74,15.88,51.79,0,3,0,1,26
714004.03,44247.18,15.88,51.92,0,4,0,0,26
714004.03,39596.55,15.88,51.92,0,4,0,1,26
12784.97,57103.07,28.39,52.1,1,1,0,0,26
12784.97,57103.07,10.21,52.94,2,1,0,0,26
12784.97,57103.07,17.79,53.26,0,1,0,0,26
12784.97,60282.3,28.39,52.1,1,1,0,1,26
12784.97,60282.3,10.21,52.94,2,1,0,1,26
12784.97,60282.3,17.79,53.26,0,1,0,1,26
13431.52,61539.34,26.63,50.72,1,0,0,0,26
13431.52,61539.34,9.21,52.5,2,0,0,0,26
13431.52,61539.34,16.49,52.38,0,0,0,0,26
13431.52,56898.75,26.63,50.72,1,0,0,1,26
13431.52,56898.75,9.21,52.5,2,0,0,1,26
13431.52,56898.75,16.49,52.38,0,0,0,1,26
13833.18,52050.75,26.97,49.98,1,2,0,0,26
13833.18,52050.75,9.07,52.27,2,2,0,0,26
13833.18,52050.75,16.58,51.84,0,2,0,0,26
13833.18,38572.11,26.97,49.98,1,2,0,1,26
13833.18,38572.11,9.07,52.27,2,2,0,1,26
13833.18,38572.11,16.58,51.84,0,2,0,1,26
14011.61,43238.95,26.1,49.85,1,3,0,0,26
14011.61,43238.95,8.48,52.4,2,3,0,0,26
14011.61,43238.95,15.88,51.79,0,3,0,0,26
14011.61,34090.74,26.1,49.85,1,3,0,1,26
14011.61,34090.74,8.48,52.4,2,3,0,1,26
14011.61,34090.74,15.88,51.79,0,3,0,1,26
14485.31,44247.18,15.88,51.92,0,4,0,0,26
14485.31,39596.55,15.88,51.92,0,4,0,1,26
275061.99,70591.7,23.37,8.96,1,1,0,0,28
275061.99,70591.7,9.4,15.78,2,1,0,0,28
275061.99,70591.7,15.91,12.59,0,1,0,0,28
275061.99,63063,23.37,8.96,1,1,0,1,28
275061.99,63063,9.4,15.78,2,1,0,1,28
275061.99,63063,15.91,12.59,0,1,0,1,28
280044.82,71032.8,23.49,9.12,1,0,0,0,28
280044.82,71032.8,9.42,15.55,2,0,0,0,28
280044.82,71032.8,15.99,12.52,0,0,0,0,28
280044.82,64218.7,23.49,9.12,1,0,0,1,28
280044.82,64218.7,9.42,15.55,2,0,0,1,28
280044.82,64218.7,15.99,12.52,0,0,0,1,28
300752.77,60441.8,23.3,9.02,1,2,0,0,28
300752.77,60441.8,9.39,15.85,2,2,0,0,28
300752.77,60441.8,15.85,12.64,0,2,0,0,28
300752.77,57203.1,23.3,9.02,1,2,0,1,28
300752.77,57203.1,9.39,15.85,2,2,0,1,28
300752.77,57203.1,15.85,12.64,0,2,0,1,28
318408.81,63902.1,22.77,9.2,1,3,0,0,28
318408.81,63902.1,9.12,15.97,2,3,0,0,28
318408.81,63902.1,15.48,12.77,0,3,0,0,28
318408.81,56137,22.77,9.2,1,3,0,1,28
318408.81,56137,9.12,15.97,2,3,0,1,28
318408.81,56137,15.48,12.77,0,3,0,1,28
333351.04,68611.9,15.25,12.43,0,4,0,0,28
333351.04,58668.6,15.25,12.43,0,4,0,1,28
34143.74,70591.7,23.37,8.96,1,1,0,0,28
34143.74,70591.7,9.4,15.78,2,1,0,0,28
34143.74,70591.7,15.91,12.59,0,1,0,0,28
34143.74,63063,23.37,8.96,1,1,0,1,28
34143.74,63063,9.4,15.78,2,1,0,1,28
34143.74,63063,15.91,12.59,0,1,0,1,28
34101.49,71032.8,23.49,9.12,1,0,0,0,28
34101.49,71032.8,9.42,15.55,2,0,0,0,28
34101.49,71032.8,15.99,12.52,0,0,0,0,28
34101.49,64218.7,23.49,9.12,1,0,0,1,28
34101.49,64218.7,9.42,15.55,2,0,0,1,28
34101.49,64218.7,15.99,12.52,0,0,0,1,28
35901.78,60441.8,23.3,9.02,1,2,0,0,28
35901.78,60441.8,9.39,15.85,2,2,0,0,28
35901.78,60441.8,15.85,12.64,0,2,0,0,28
35901.78,57203.1,23.3,9.02,1,2,0,1,28
35901.78,57203.1,9.39,15.85,2,2,0,1,28
35901.78,57203.1,15.85,12.64,0,2,0,1,28
37269.57,63902.1,22.77,9.2,1,3,0,0,28
37269.57,63902.1,9.12,15.97,2,3,0,0,28
37269.57,63902.1,15.48,12.77,0,3,0,0,28
37269.57,56137,22.77,9.2,1,3,0,1,28
37269.57,56137,9.12,15.97,2,3,0,1,28
37269.57,56137,15.48,12.77,0,3,0,1,28
38276.62,68611.9,15.25,12.43,0,4,0,0,28
38276.62,58668.6,15.25,12.43,0,4,0,1,28
3765660.82,341269.2,5.76,6.4,1,1,0,0,31
3765660.82,341269.2,2.91,8.12,2,1,0,0,31
3765660.82,341269.2,4.3,7.28,0,1,0,0,31
3765660.82,521835.5,5.76,6.4,1,1,0,1,31
3765660.82,521835.5,2.91,8.12,2,1,0,1,31
3765660.82,521835.5,4.3,7.28,0,1,0,1,31
3768772.46,307875.4,5.35,6.25,1,0,0,0,31
3768772.46,307875.4,2.74,8.13,2,0,0,0,31
3768772.46,307875.4,4.01,7.21,0,0,0,0,31
3768772.46,496806.1,5.35,6.25,1,0,0,1,31
3768772.46,496806.1,2.74,8.13,2,0,0,1,31
3768772.46,496806.1,4.01,7.21,0,0,0,1,31
3615032.64,193021.1,5.63,6.27,1,2,0,0,31
3615032.64,193021.1,2.89,8.1,2,2,0,0,31
3615032.64,193021.1,4.22,7.21,0,2,0,0,31
3615032.64,341419.1,5.63,6.27,1,2,0,1,31
3615032.64,341419.1,2.89,8.1,2,2,0,1,31
3615032.64,341419.1,4.22,7.21,0,2,0,1,31
3635868.18,191494.3,5.56,6.37,1,3,0,0,31
3635868.18,191494.3,3.1,8.56,2,3,0,0,31
3635868.18,191494.3,4.3,7.49,0,3,0,0,31
3635868.18,281709,5.56,6.37,1,3,0,1,31
3635868.18,281709,3.1,8.56,2,3,0,1,31
3635868.18,281709,4.3,7.49,0,3,0,1,31
26240.26,341269.2,5.76,6.4,1,1,0,0,31
26240.26,341269.2,2.91,8.12,2,1,0,0,31
26240.26,341269.2,4.3,7.28,0,1,0,0,31
26240.26,521835.5,5.76,6.4,1,1,0,1,31
26240.26,521835.5,2.91,8.12,2,1,0,1,31
26240.26,521835.5,4.3,7.28,0,1,0,1,31
25797.5,307875.4,5.35,6.25,1,0,0,0,31
25797.5,307875.4,2.74,8.13,2,0,0,0,31
25797.5,307875.4,4.01,7.21,0,0,0,0,31
25797.5,496806.1,5.35,6.25,1,0,0,1,31
25797.5,496806.1,2.74,8.13,2,0,0,1,31
25797.5,496806.1,4.01,7.21,0,0,0,1,31
24691.83,193021.1,5.63,6.27,1,2,0,0,31
24691.83,193021.1,2.89,8.1,2,2,0,0,31
24691.83,193021.1,4.22,7.21,0,2,0,0,31
24691.83,341419.1,5.63,6.27,1,2,0,1,31
24691.83,341419.1,2.89,8.1,2,2,0,1,31
24691.83,341419.1,4.22,7.21,0,2,0,1,31
24788.68,191494.3,5.56,6.37,1,3,0,0,31
24788.68,191494.3,3.1,8.56,2,3,0,0,31
24788.68,191494.3,4.3,7.49,0,3,0,0,31
24788.68,281709,5.56,6.37,1,3,0,1,31
24788.68,281709,3.1,8.56,2,3,0,1,31
24788.68,281709,4.3,7.49,0,3,0,1,31
61380.05,27855.79,11.16,13.58,1,1,0,0,4
61380.05,27855.79,6.43,19.62,2,1,0,0,4
61380.05,27855.79,8.58,16.88,0,1,0,0,4
61380.05,28796.19,11.16,13.58,1,1,0,1,4
61380.05,28796.19,6.43,19.62,2,1,0,1,4
61380.05,28796.19,8.58,16.88,0,1,0,1,4
63620.56,28897.36,12.54,16,1,0,0,0,4
63620.56,28897.36,7.13,20.72,2,0,0,0,4
63620.56,28897.36,9.59,18.57,0,0,0,0,4
63620.56,30464.71,12.54,16,1,0,0,1,4
63620.56,30464.71,7.13,20.72,2,0,0,1,4
63620.56,30464.71,9.59,18.57,0,0,0,1,4
64935.93,25029.41,12.06,13.47,1,2,0,0,4
64935.93,25029.41,6.75,19.03,2,2,0,0,4
64935.93,25029.41,9.16,16.5,0,2,0,0,4
64935.93,26666.99,12.06,13.47,1,2,0,1,4
64935.93,26666.99,6.75,19.03,2,2,0,1,4
64935.93,26666.99,9.16,16.5,0,2,0,1,4
67574.53,25936.72,11.13,10.67,1,3,0,0,4
67574.53,25936.72,5.22,17.24,2,3,0,0,4
67574.53,25936.72,7.96,14.19,0,3,0,0,4
67574.53,27635.75,11.13,10.67,1,3,0,1,4
67574.53,27635.75,5.22,17.24,2,3,0,1,4
67574.53,27635.75,7.96,14.19,0,3,0,1,4
72063.83,30324.29,11.81,11.69,1,4,0,0,4
72063.83,30324.29,6.12,17.07,2,4,0,0,4
72063.83,30324.29,8.75,14.58,0,4,0,0,4
72063.83,32084.06,11.81,11.69,1,4,0,1,4
72063.83,32084.06,6.12,17.07,2,4,0,1,4
72063.83,32084.06,8.75,14.58,0,4,0,1,4
29802.65,27855.79,11.16,13.58,1,1,0,0,4
29802.65,27855.79,6.43,19.62,2,1,0,0,4
29802.65,27855.79,8.58,16.88,0,1,0,0,4
29802.65,28796.19,11.16,13.58,1,1,0,1,4
29802.65,28796.19,6.43,19.62,2,1,0,1,4
29802.65,28796.19,8.58,16.88,0,1,0,1,4
30856.8,28897.36,12.54,16,1,0,0,0,4
30856.8,28897.36,7.13,20.72,2,0,0,0,4
30856.8,28897.36,9.59,18.57,0,0,0,0,4
30856.8,30464.71,12.54,16,1,0,0,1,4
30856.8,30464.71,7.13,20.72,2,0,0,1,4
30856.8,30464.71,9.59,18.57,0,0,0,1,4
31471.88,25029.41,12.06,13.47,1,2,0,0,4
31471.88,25029.41,6.75,19.03,2,2,0,0,4
31471.88,25029.41,9.16,16.5,0,2,0,0,4
31471.88,26666.99,12.06,13.47,1,2,0,1,4
31471.88,26666.99,6.75,19.03,2,2,0,1,4
31471.88,26666.99,9.16,16.5,0,2,0,1,4
32729.61,25936.72,11.13,10.67,1,3,0,0,4
32729.61,25936.72,5.22,17.24,2,3,0,0,4
32729.61,25936.72,7.96,14.19,0,3,0,0,4
32729.61,27635.75,11.13,10.67,1,3,0,1,4
32729.61,27635.75,5.22,17.24,2,3,0,1,4
32729.61,27635.75,7.96,14.19,0,3,0,1,4
34886.08,30324.29,11.81,11.69,1,4,0,0,4
34886.08,30324.29,6.12,17.07,2,4,0,0,4
34886.08,30324.29,8.75,14.58,0,4,0,0,4
34886.08,32084.06,11.81,11.69,1,4,0,1,4
34886.08,32084.06,6.12,17.07,2,4,0,1,4
34886.08,32084.06,8.75,14.58,0,4,0,1,4
1.85E+07,2179404,28.11,12.29,1,1,0,0,5
1.85E+07,2179404,8.34,20.09,2,1,0,0,5
1.85E+07,2179404,17.43,16.51,0,1,0,0,5
1.85E+07,2235009,28.11,12.29,1,1,0,1,5
1.85E+07,2235009,8.34,20.09,2,1,0,1,5
1.85E+07,2235009,17.43,16.51,0,1,0,1,5
1.91E+07,2187738,27.71,12.25,1,0,0,0,5
1.91E+07,2187738,8.39,19.97,2,0,0,0,5
1.91E+07,2187738,17.29,16.42,0,0,0,0,5
1.91E+07,2253855,27.71,12.25,1,0,0,1,5
1.91E+07,2253855,8.39,19.97,2,0,0,1,5
1.91E+07,2253855,17.29,16.42,0,0,0,1,5
1.96E+07,1891770,27.5,11.99,1,2,0,0,5
1.96E+07,1891770,8.45,19.58,2,2,0,0,5
1.96E+07,1891770,17.23,16.1,0,2,0,0,5
1.96E+07,2054994,27.5,11.99,1,2,0,1,5
1.96E+07,2054994,8.45,19.58,2,2,0,1,5
1.96E+07,2054994,17.23,16.1,0,2,0,1,5
2.03E+07,1821831,27.19,11.83,1,3,0,0,5
2.03E+07,1821831,8.28,19.23,2,3,0,0,5
2.03E+07,1821831,17,15.83,0,3,0,0,5
2.03E+07,2006761,27.19,11.83,1,3,0,1,5
2.03E+07,2006761,8.28,19.23,2,3,0,1,5
2.03E+07,2006761,17,15.83,0,3,0,1,5
2.11E+07,2040908,26.95,11.6,1,4,0,0,5
2.11E+07,2040908,8.2,18.89,2,4,0,0,5
2.11E+07,2040908,16.85,15.54,0,4,0,0,5
2.11E+07,2195760,26.95,11.6,1,4,0,1,5
2.11E+07,2195760,8.2,18.89,2,4,0,1,5
2.11E+07,2195760,16.85,15.54,0,4,0,1,5
36506.69,2179404,28.11,12.29,1,1,0,0,5
36506.69,2179404,8.34,20.09,2,1,0,0,5
36506.69,2179404,17.43,16.51,0,1,0,0,5
36506.69,2235009,28.11,12.29,1,1,0,1,5
36506.69,2235009,8.34,20.09,2,1,0,1,5
36506.69,2235009,17.43,16.51,0,1,0,1,5
37547.77,2187738,27.71,12.25,1,0,0,0,5
37547.77,2187738,8.39,19.97,2,0,0,0,5
37547.77,2187738,17.29,16.42,0,0,0,0,5
37547.77,2253855,27.71,12.25,1,0,0,1,5
37547.77,2253855,8.39,19.97,2,0,0,1,5
37547.77,2253855,17.29,16.42,0,0,0,1,5
38503.12,1891770,27.5,11.99,1,2,0,0,5
38503.12,1891770,8.45,19.58,2,2,0,0,5
38503.12,1891770,17.23,16.1,0,2,0,0,5
38503.12,2054994,27.5,11.99,1,2,0,1,5
38503.12,2054994,8.45,19.58,2,2,0,1,5
38503.12,2054994,17.23,16.1,0,2,0,1,5
39652.94,1821831,27.19,11.83,1,3,0,0,5
39652.94,1821831,8.28,19.23,2,3,0,0,5
39652.94,1821831,17,15.83,0,3,0,0,5
39652.94,2006761,27.19,11.83,1,3,0,1,5
39652.94,2006761,8.28,19.23,2,3,0,1,5
39652.94,2006761,17,15.83,0,3,0,1,5
41135.45,2040908,26.95,11.6,1,4,0,0,5
41135.45,2040908,8.2,18.89,2,4,0,0,5
41135.45,2040908,16.85,15.54,0,4,0,0,5
41135.45,2195760,26.95,11.6,1,4,0,1,5
41135.45,2195760,8.2,18.89,2,4,0,1,5
41135.45,2195760,16.85,15.54,0,4,0,1,5
45639.61,16503.01,7.65,11.55,0,1,0,0,34
45639.61,13023.45,7.65,11.55,0,1,0,1,34
47467.81,16745.5,6.56,11.54,0,0,0,0,34
47467.81,13589.05,6.56,11.54,0,0,0,1,34
22674.54,16503.01,7.65,11.55,0,1,0,0,34
22674.54,13023.45,7.65,11.55,0,1,0,1,34
23802.34,16745.5,6.56,11.54,0,0,0,0,34
23802.34,13589.05,6.56,11.54,0,0,0,1,34
3232120.16,241188.7,24.66,26.81,1,1,0,0,32
3232120.16,241188.7,10.23,34.39,2,1,0,0,32
3232120.16,241188.7,16.38,31.15,0,1,0,0,32
3232120.16,241577.3,24.66,26.81,1,1,0,1,32
3232120.16,241577.3,10.23,34.39,2,1,0,1,32
3232120.16,241577.3,16.38,31.15,0,1,0,1,32
3306567.32,230727,25.6,28.26,1,0,0,0,32
3306567.32,230727,10.57,35.34,2,0,0,0,32
3306567.32,230727,17.06,32.28,0,0,0,0,32
3306567.32,224097.8,25.6,28.26,1,0,0,1,32
3306567.32,224097.8,10.57,35.34,2,0,0,1,32
3306567.32,224097.8,17.06,32.28,0,0,0,1,32
3213604.32,172422.2,26.52,28.22,1,2,0,0,32
3213604.32,172422.2,11.51,36.48,2,2,0,0,32
3213604.32,172422.2,17.92,32.94,0,2,0,0,32
3213604.32,190092,26.52,28.22,1,2,0,1,32
3213604.32,190092,11.51,36.48,2,2,0,1,32
3213604.32,190092,17.92,32.94,0,2,0,1,32
16076.91,241188.7,24.66,26.81,1,1,0,0,32
16076.91,241188.7,10.23,34.39,2,1,0,0,32
16076.91,241188.7,16.38,31.15,0,1,0,0,32
16076.91,241577.3,24.66,26.81,1,1,0,1,32
16076.91,241577.3,10.23,34.39,2,1,0,1,32
16076.91,241577.3,16.38,31.15,0,1,0,1,32
16305.95,230727,25.6,28.26,1,0,0,0,32
16305.95,230727,10.57,35.34,2,0,0,0,32
16305.95,230727,17.06,32.28,0,0,0,0,32
16305.95,224097.8,25.6,28.26,1,0,0,1,32
16305.95,224097.8,10.57,35.34,2,0,0,1,32
16305.95,224097.8,17.06,32.28,0,0,0,1,32
15716.77,172422.2,26.52,28.22,1,2,0,0,32
15716.77,172422.2,11.51,36.48,2,2,0,0,32
15716.77,172422.2,17.92,32.94,0,2,0,0,32
15716.77,190092,26.52,28.22,1,2,0,1,32
15716.77,190092,11.51,36.48,2,2,0,1,32
15716.77,190092,17.92,32.94,0,2,0,1,32
78853.76,33076.95,9.69,9.66,1,1,0,0,29
78853.76,33076.95,7.25,11.77,0,1,0,0,29
78853.76,31856.99,9.69,9.66,1,1,0,1,29
78853.76,31856.99,7.25,11.77,0,1,0,1,29
82617.25,32779.84,9.59,10.24,1,0,0,0,29
82617.25,32779.84,4.81,14.04,2,0,0,0,29
82617.25,32779.84,7.24,12.1,0,0,0,0,29
82617.25,31535.92,9.59,10.24,1,0,0,1,29
82617.25,31535.92,4.81,14.04,2,0,0,1,29
82617.25,31535.92,7.24,12.1,0,0,0,1,29
83613.58,26952.39,9.26,10.03,1,2,0,0,29
83613.58,26952.39,4.14,14.6,2,2,0,0,29
83613.58,26952.39,6.75,12.27,0,2,0,0,29
83613.58,24748.29,9.26,10.03,1,2,0,1,29
83613.58,24748.29,4.14,14.6,2,2,0,1,29
83613.58,24748.29,6.75,12.27,0,2,0,1,29
85652.1,26197.98,9.26,9.54,1,3,0,0,29
85652.1,26197.98,6.95,12.33,0,3,0,0,29
85652.1,24242.35,9.26,9.54,1,3,0,1,29
85652.1,24242.35,6.95,12.33,0,3,0,1,29
90748.99,31454.41,9.31,9.38,1,4,0,0,29
90748.99,31454.41,7.04,12.01,0,4,0,0,29
90748.99,29009.62,9.31,9.38,1,4,0,1,29
90748.99,29009.62,7.04,12.01,0,4,0,1,29
26660.6,33076.95,9.69,9.66,1,1,0,0,29
26660.6,33076.95,7.25,11.77,0,1,0,0,29
26660.6,31856.99,9.69,9.66,1,1,0,1,29
26660.6,31856.99,7.25,11.77,0,1,0,1,29
28174.25,32779.84,9.59,10.24,1,0,0,0,29
28174.25,32779.84,4.81,14.04,2,0,0,0,29
28174.25,32779.84,7.24,12.1,0,0,0,0,29
28174.25,31535.92,9.59,10.24,1,0,0,1,29
28174.25,31535.92,4.81,14.04,2,0,0,1,29
28174.25,31535.92,7.24,12.1,0,0,0,1,29
28783.54,26952.39,9.26,10.03,1,2,0,0,29
28783.54,26952.39,4.14,14.6,2,2,0,0,29
28783.54,26952.39,6.75,12.27,0,2,0,0,29
28783.54,24748.29,9.26,10.03,1,2,0,1,29
28783.54,24748.29,4.14,14.6,2,2,0,1,29
28783.54,24748.29,6.75,12.27,0,2,0,1,29
29862.34,26197.98,9.26,9.54,1,3,0,0,29
29862.34,26197.98,6.95,12.33,0,3,0,0,29
29862.34,24242.35,9.26,9.54,1,3,0,1,29
29862.34,24242.35,6.95,12.33,0,3,0,1,29
32154.47,31454.41,9.31,9.38,1,4,0,0,29
32154.47,31454.41,7.04,12.01,0,4,0,0,29
32154.47,29009.62,9.31,9.38,1,4,0,1,29
32154.47,29009.62,7.04,12.01,0,4,0,1,29
