AUS,2013,WOMEN,TOT,1102723.05,IMP,246949.7,38.14,7.89
AUS,2013,MEN,TOT,1102723.05,IMP,246949.7,13.65,11.97
AUS,2013,TOT,TOT,1102723.05,IMP,246949.7,24.88,10.1
AUS,2013,WOMEN,TOT,1102723.05,EXP,254201.7,38.14,7.89
AUS,2013,MEN,TOT,1102723.05,EXP,254201.7,13.65,11.97
AUS,2013,TOT,TOT,1102723.05,EXP,254201.7,24.88,10.1
AUS,2014,WOMEN,TOT,1116293.11,IMP,238300.4,38.33,7.98
AUS,2014,MEN,TOT,1116293.11,IMP,238300.4,14.03,12.05
AUS,2014,TOT,TOT,1116293.11,IMP,238300.4,25.21,10.18
AUS,2014,WOMEN,TOT,1116293.11,EXP,240425.8,38.33,7.98
AUS,2014,MEN,TOT,1116293.11,EXP,240425.8,14.03,12.05
AUS,2014,TOT,TOT,1116293.11,EXP,240425.8,25.21,10.18
AUS,2015,WOMEN,TOT,1128361.01,IMP,207262.8,37.97,8.15
AUS,2015,MEN,TOT,1128361.01,IMP,207262.8,14.29,12.11
AUS,2015,TOT,TOT,1128361.01,IMP,207262.8,25.24,10.28
AUS,2015,WOMEN,TOT,1128361.01,EXP,188096.6,37.97,8.15
AUS,2015,MEN,TOT,1128361.01,EXP,188096.6,14.29,12.11
AUS,2015,TOT,TOT,1128361.01,EXP,188096.6,25.24,10.28
AUS,2016,WOMEN,TOT,1181218.13,IMP,198519.0,38.35,8.13
AUS,2016,MEN,TOT,1181218.13,IMP,198519.0,15.06,11.71
AUS,2016,TOT,TOT,1181218.13,IMP,198519.0,25.9,10.04
AUS,2016,WOMEN,TOT,1181218.13,EXP,192569.5,38.35,8.13
AUS,2016,MEN,TOT,1181218.13,EXP,192569.5,15.06,11.71
AUS,2016,TOT,TOT,1181218.13,EXP,192569.5,25.9,10.04
AUS,2013,WOMEN,TOT,46972.96,IMP,246949.7,38.14,7.89
AUS,2013,MEN,TOT,46972.96,IMP,246949.7,13.65,11.97
AUS,2013,TOT,TOT,46972.96,IMP,246949.7,24.88,10.1
AUS,2013,WOMEN,TOT,46972.96,EXP,254201.7,38.14,7.89
AUS,2013,MEN,TOT,46972.96,EXP,254201.7,13.65,11.97
AUS,2013,TOT,TOT,46972.96,EXP,254201.7,24.88,10.1
AUS,2014,WOMEN,TOT,46871.56,IMP,238300.4,38.33,7.98
AUS,2014,MEN,TOT,46871.56,IMP,238300.4,14.03,12.05
AUS,2014,TOT,TOT,46871.56,IMP,238300.4,25.21,10.18
AUS,2014,WOMEN,TOT,46871.56,EXP,240425.8,38.33,7.98
AUS,2014,MEN,TOT,46871.56,EXP,240425.8,14.03,12.05
AUS,2014,TOT,TOT,46871.56,EXP,240425.8,25.21,10.18
AUS,2015,WOMEN,TOT,46644.03,IMP,207262.8,37.97,8.15
AUS,2015,MEN,TOT,46644.03,IMP,207262.8,14.29,12.11
AUS,2015,TOT,TOT,46644.03,IMP,207262.8,25.24,10.28
AUS,2015,WOMEN,TOT,46644.03,EXP,188096.6,37.97,8.15
AUS,2015,MEN,TOT,46644.03,EXP,188096.6,14.29,12.11
AUS,2015,TOT,TOT,46644.03,EXP,188096.6,25.24,10.28
AUS,2016,WOMEN,TOT,48021.88,IMP,198519.0,38.35,8.13
AUS,2016,MEN,TOT,48021.88,IMP,198519.0,15.06,11.71
AUS,2016,TOT,TOT,48021.88,IMP,198519.0,25.9,10.04
AUS,2016,WOMEN,TOT,48021.88,EXP,192569.5,38.35,8.13
AUS,2016,MEN,TOT,48021.88,EXP,192569.5,15.06,11.71
AUS,2016,TOT,TOT,48021.88,EXP,192569.5,25.9,10.04
AUT,2013,WOMEN,TOT,406370.24,IMP,165526.9,33.42,10.55
AUT,2013,MEN,TOT,406370.24,IMP,165526.9,7.9,15.54
AUT,2013,TOT,TOT,406370.24,IMP,165526.9,19.86,13.2
AUT,2013,WOMEN,TOT,406370.24,EXP,164204.7,33.42,10.55
AUT,2013,MEN,TOT,406370.24,EXP,164204.7,7.9,15.54
AUT,2013,TOT,TOT,406370.24,EXP,164204.7,19.86,13.2
AUT,2014,WOMEN,TOT,416955.05,IMP,166206.5,34.93,10.52
AUT,2014,MEN,TOT,416955.05,IMP,166206.5,8.47,15.75
AUT,2014,TOT,TOT,416955.05,IMP,166206.5,20.94,13.29
AUT,2014,WOMEN,TOT,416955.05,EXP,167318.3,34.93,10.52
AUT,2014,MEN,TOT,416955.05,EXP,167318.3,8.47,15.75
AUT,2014,TOT,TOT,416955.05,EXP,167318.3,20.94,13.29
AUT,2015,WOMEN,TOT,431124.37,IMP,140503.4,34.98,10.39
AUT,2015,MEN,TOT,431124.37,IMP,140503.4,8.58,15.33
AUT,2015,TOT,TOT,431124.37,IMP,140503.4,21.03,13.0
AUT,2015,WOMEN,TOT,431124.37,EXP,142823.0,34.98,10.39
AUT,2015,MEN,TOT,431124.37,EXP,142823.0,8.58,15.33
AUT,2015,TOT,TOT,431124.37,EXP,142823.0,21.03,13.0
AUT,2016,WOMEN,TOT,441389.29,IMP,142235.6,34.71,10.04
AUT,2016,MEN,TOT,441389.29,IMP,142235.6,8.57,15.1
AUT,2016,TOT,TOT,441389.29,IMP,142235.6,20.89,12.72
AUT,2016,WOMEN,TOT,441389.29,EXP,142571.8,34.71,10.04
AUT,2016,MEN,TOT,441389.29,EXP,142571.8,8.57,15.1
AUT,2016,TOT,TOT,441389.29,EXP,142571.8,20.89,12.72
AUT,2017,WOMEN,TOT,461582.96,IMP,157799.4,34.75,9.85
AUT,2017,MEN,TOT,461582.96,IMP,157799.4,8.63,14.63
AUT,2017,TOT,TOT,461582.96,IMP,157799.4,20.94,12.38
AUT,2017,WOMEN,TOT,461582.96,EXP,156436.6,34.75,9.85
AUT,2017,MEN,TOT,461582.96,EXP,156436.6,8.63,14.63
AUT,2017,TOT,TOT,461582.96,EXP,156436.6,20.94,12.38
AUT,2013,WOMEN,TOT,47936.68,IMP,165526.9,33.42,10.55
AUT,2013,MEN,TOT,47936.68,IMP,165526.9,7.9,15.54
AUT,2013,TOT,TOT,47936.68,IMP,165526.9,19.86,13.2
AUT,2013,WOMEN,TOT,47936.68,EXP,164204.7,33.42,10.55
AUT,2013,MEN,TOT,47936.68,EXP,164204.7,7.9,15.54
AUT,2013,TOT,TOT,47936.68,EXP,164204.7,19.86,13.2
AUT,2014,WOMEN,TOT,48801.31,IMP,166206.5,34.93,10.52
AUT,2014,MEN,TOT,48801.31,IMP,166206.5,8.47,15.75
AUT,2014,TOT,TOT,48801.31,IMP,166206.5,20.94,13.29
AUT,2014,WOMEN,TOT,48801.31,EXP,167318.3,34.93,10.52
AUT,2014,MEN,TOT,48801.31,EXP,167318.3,8.47,15.75
AUT,2014,TOT,TOT,48801.31,EXP,167318.3,20.94,13.29
AUT,2015,WOMEN,TOT,49959.26,IMP,140503.4,34.98,10.39
AUT,2015,MEN,TOT,49959.26,IMP,140503.4,8.58,15.33
AUT,2015,TOT,TOT,49959.26,IMP,140503.4,21.03,13.0
AUT,2015,WOMEN,TOT,49959.26,EXP,142823.0,34.98,10.39
AUT,2015,MEN,TOT,49959.26,EXP,142823.0,8.58,15.33
AUT,2015,TOT,TOT,49959.26,EXP,142823.0,21.03,13.0
AUT,2016,WOMEN,TOT,50503.33,IMP,142235.6,34.71,10.04
AUT,2016,MEN,TOT,50503.33,IMP,142235.6,8.57,15.1
AUT,2016,TOT,TOT,50503.33,IMP,142235.6,20.89,12.72
AUT,2016,WOMEN,TOT,50503.33,EXP,142571.8,34.71,10.04
AUT,2016,MEN,TOT,50503.33,EXP,142571.8,8.57,15.1
AUT,2016,TOT,TOT,50503.33,EXP,142571.8,20.89,12.72
AUT,2017,WOMEN,TOT,52467.53,IMP,157799.4,34.75,9.85
AUT,2017,MEN,TOT,52467.53,IMP,157799.4,8.63,14.63
AUT,2017,TOT,TOT,52467.53,IMP,157799.4,20.94,12.38
AUT,2017,WOMEN,TOT,52467.53,EXP,156436.6,34.75,9.85
AUT,2017,MEN,TOT,52467.53,EXP,156436.6,8.63,14.63
AUT,2017,TOT,TOT,52467.53,EXP,156436.6,20.94,12.38
BEL,2013,WOMEN,TOT,486673.71,IMP,321398.8,31.43,10.71
BEL,2013,MEN,TOT,486673.71,IMP,321398.8,6.59,18.79
BEL,2013,TOT,TOT,486673.71,IMP,321398.8,18.21,15.08
BEL,2013,WOMEN,TOT,486673.71,EXP,312609.5,31.43,10.71
BEL,2013,MEN,TOT,486673.71,EXP,312609.5,6.59,18.79
BEL,2013,TOT,TOT,486673.71,EXP,312609.5,18.21,15.08
BEL,2014,WOMEN,TOT,499939.48,IMP,317347.2,30.48,10.86
BEL,2014,MEN,TOT,499939.48,IMP,317347.2,7.15,17.86
BEL,2014,TOT,TOT,499939.48,IMP,317347.2,18.13,14.61
BEL,2014,WOMEN,TOT,499939.48,EXP,310312.5,30.48,10.86
BEL,2014,MEN,TOT,499939.48,EXP,310312.5,7.15,17.86
BEL,2014,TOT,TOT,499939.48,EXP,310312.5,18.13,14.61
BEL,2015,WOMEN,TOT,512016.49,IMP,251903.7,30.23,11.08
BEL,2015,MEN,TOT,512016.49,IMP,251903.7,7.27,18.75
BEL,2015,TOT,TOT,512016.49,IMP,251903.7,18.15,15.18
BEL,2015,WOMEN,TOT,512016.49,EXP,253439.0,30.23,11.08
BEL,2015,MEN,TOT,512016.49,EXP,253439.0,7.27,18.75
BEL,2015,TOT,TOT,512016.49,EXP,253439.0,18.15,15.18
BEL,2016,WOMEN,TOT,525969.12,IMP,273182.6,30.03,10.64
BEL,2016,MEN,TOT,525969.12,IMP,273182.6,6.92,18.45
BEL,2016,TOT,TOT,525969.12,IMP,273182.6,17.77,14.84
BEL,2016,WOMEN,TOT,525969.12,EXP,274433.3,30.03,10.64
BEL,2016,MEN,TOT,525969.12,EXP,274433.3,6.92,18.45
BEL,2016,TOT,TOT,525969.12,EXP,274433.3,17.77,14.84
BEL,2017,WOMEN,TOT,544041.97,IMP,300332.4,27.81,10.67
BEL,2017,MEN,TOT,544041.97,IMP,300332.4,6.47,17.4
BEL,2017,TOT,TOT,544041.97,IMP,300332.4,16.39,14.29
BEL,2017,WOMEN,TOT,544041.97,EXP,300584.9,27.81,10.67
BEL,2017,MEN,TOT,544041.97,EXP,300584.9,6.47,17.4
BEL,2017,TOT,TOT,544041.97,EXP,300584.9,16.39,14.29
BEL,2013,WOMEN,TOT,43745.95,IMP,321398.8,31.43,10.71
BEL,2013,MEN,TOT,43745.95,IMP,321398.8,6.59,18.79
BEL,2013,TOT,TOT,43745.95,IMP,321398.8,18.21,15.08
BEL,2013,WOMEN,TOT,43745.95,EXP,312609.5,31.43,10.71
BEL,2013,MEN,TOT,43745.95,EXP,312609.5,6.59,18.79
BEL,2013,TOT,TOT,43745.95,EXP,312609.5,18.21,15.08
BEL,2014,WOMEN,TOT,44717.31,IMP,317347.2,30.48,10.86
BEL,2014,MEN,TOT,44717.31,IMP,317347.2,7.15,17.86
BEL,2014,TOT,TOT,44717.31,IMP,317347.2,18.13,14.61
BEL,2014,WOMEN,TOT,44717.31,EXP,310312.5,30.48,10.86
BEL,2014,MEN,TOT,44717.31,EXP,310312.5,7.15,17.86
BEL,2014,TOT,TOT,44717.31,EXP,310312.5,18.13,14.61
BEL,2015,WOMEN,TOT,45561.18,IMP,251903.7,30.23,11.08
BEL,2015,MEN,TOT,45561.18,IMP,251903.7,7.27,18.75
BEL,2015,TOT,TOT,45561.18,IMP,251903.7,18.15,15.18
BEL,2015,WOMEN,TOT,45561.18,EXP,253439.0,30.23,11.08
BEL,2015,MEN,TOT,45561.18,EXP,253439.0,7.27,18.75
BEL,2015,TOT,TOT,45561.18,EXP,253439.0,18.15,15.18
BEL,2016,WOMEN,TOT,46566.54,IMP,273182.6,30.03,10.64
BEL,2016,MEN,TOT,46566.54,IMP,273182.6,6.92,18.45
BEL,2016,TOT,TOT,46566.54,IMP,273182.6,17.77,14.84
BEL,2016,WOMEN,TOT,46566.54,EXP,274433.3,30.03,10.64
BEL,2016,MEN,TOT,46566.54,EXP,274433.3,6.92,18.45
BEL,2016,TOT,TOT,46566.54,EXP,274433.3,17.77,14.84
BEL,2017,WOMEN,TOT,47941.66,IMP,300332.4,27.81,10.67
BEL,2017,MEN,TOT,47941.66,IMP,300332.4,6.47,17.4
BEL,2017,TOT,TOT,47941.66,IMP,300332.4,16.39,14.29
BEL,2017,WOMEN,TOT,47941.66,EXP,300584.9,27.81,10.67
BEL,2017,MEN,TOT,47941.66,EXP,300584.9,6.47,17.4
BEL,2017,TOT,TOT,47941.66,EXP,300584.9,16.39,14.29
CAN,2013,WOMEN,TOT,1550269.81,IMP,473116.9,26.7,8.12
CAN,2013,MEN,TOT,1550269.81,IMP,473116.9,12.16,9.48
CAN,2013,TOT,TOT,1550269.81,IMP,473116.9,19.1,8.83
CAN,2013,WOMEN,TOT,1550269.81,EXP,465209.2,26.7,8.12
CAN,2013,MEN,TOT,1550269.81,EXP,465209.2,12.16,9.48
CAN,2013,TOT,TOT,1550269.81,EXP,465209.2,19.1,8.83
CAN,2014,WOMEN,TOT,1617564.49,IMP,474937.9,27.0,8.04
CAN,2014,MEN,TOT,1617564.49,IMP,474937.9,12.29,9.4
CAN,2014,TOT,TOT,1617564.49,IMP,474937.9,19.29,8.76
CAN,2014,WOMEN,TOT,1617564.49,EXP,479168.0,27.0,8.04
CAN,2014,MEN,TOT,1617564.49,EXP,479168.0,12.29,9.4
CAN,2014,TOT,TOT,1617564.49,EXP,479168.0,19.29,8.76
CAN,2015,WOMEN,TOT,1599827.51,IMP,429256.3,26.39,8.01
CAN,2015,MEN,TOT,1599827.51,IMP,429256.3,12.1,9.18
CAN,2015,TOT,TOT,1599827.51,IMP,429256.3,18.88,8.62
CAN,2015,WOMEN,TOT,1599827.51,EXP,410688.3,26.39,8.01
CAN,2015,MEN,TOT,1599827.51,EXP,410688.3,12.1,9.18
CAN,2015,TOT,TOT,1599827.51,EXP,410688.3,18.88,8.62
CAN,2016,WOMEN,TOT,1625361.35,IMP,412960.0,26.41,8.08
CAN,2016,MEN,TOT,1625361.35,IMP,412960.0,12.61,9.04
CAN,2016,TOT,TOT,1625361.35,IMP,412960.0,19.19,8.58
CAN,2016,WOMEN,TOT,1625361.35,EXP,393440.0,26.41,8.08
CAN,2016,MEN,TOT,1625361.35,EXP,393440.0,12.61,9.04
CAN,2016,TOT,TOT,1625361.35,EXP,393440.0,19.19,8.58
CAN,2017,WOMEN,TOT,1714447.05,IMP,441856.4,26.17,7.96
CAN,2017,MEN,TOT,1714447.05,IMP,441856.4,12.74,8.7
CAN,2017,TOT,TOT,1714447.05,IMP,441856.4,19.14,8.34
CAN,2017,WOMEN,TOT,1714447.05,EXP,423402.5,26.17,7.96
CAN,2017,MEN,TOT,1714447.05,EXP,423402.5,12.74,8.7
CAN,2017,TOT,TOT,1714447.05,EXP,423402.5,19.14,8.34
CAN,2013,WOMEN,TOT,44101.43,IMP,473116.9,26.7,8.12
CAN,2013,MEN,TOT,44101.43,IMP,473116.9,12.16,9.48
CAN,2013,TOT,TOT,44101.43,IMP,473116.9,19.1,8.83
CAN,2013,WOMEN,TOT,44101.43,EXP,465209.2,26.7,8.12
CAN,2013,MEN,TOT,44101.43,EXP,465209.2,12.16,9.48
CAN,2013,TOT,TOT,44101.43,EXP,465209.2,19.1,8.83
CAN,2014,WOMEN,TOT,45519.87,IMP,474937.9,27.0,8.04
CAN,2014,MEN,TOT,45519.87,IMP,474937.9,12.29,9.4
CAN,2014,TOT,TOT,45519.87,IMP,474937.9,19.29,8.76
CAN,2014,WOMEN,TOT,45519.87,EXP,479168.0,27.0,8.04
CAN,2014,MEN,TOT,45519.87,EXP,479168.0,12.29,9.4
CAN,2014,TOT,TOT,45519.87,EXP,479168.0,19.29,8.76
CAN,2015,WOMEN,TOT,44647.37,IMP,429256.3,26.39,8.01
CAN,2015,MEN,TOT,44647.37,IMP,429256.3,12.1,9.18
CAN,2015,TOT,TOT,44647.37,IMP,429256.3,18.88,8.62
CAN,2015,WOMEN,TOT,44647.37,EXP,410688.3,26.39,8.01
CAN,2015,MEN,TOT,44647.37,EXP,410688.3,12.1,9.18
CAN,2015,TOT,TOT,44647.37,EXP,410688.3,18.88,8.62
CAN,2016,WOMEN,TOT,44819.5,IMP,412960.0,26.41,8.08
CAN,2016,MEN,TOT,44819.5,IMP,412960.0,12.61,9.04
CAN,2016,TOT,TOT,44819.5,IMP,412960.0,19.19,8.58
CAN,2016,WOMEN,TOT,44819.5,EXP,393440.0,26.41,8.08
CAN,2016,MEN,TOT,44819.5,EXP,393440.0,12.61,9.04
CAN,2016,TOT,TOT,44819.5,EXP,393440.0,19.19,8.58
CAN,2017,WOMEN,TOT,46704.89,IMP,441856.4,26.17,7.96
CAN,2017,MEN,TOT,46704.89,IMP,441856.4,12.74,8.7
CAN,2017,TOT,TOT,46704.89,IMP,441856.4,19.14,8.34
CAN,2017,WOMEN,TOT,46704.89,EXP,423402.5,26.17,7.96
CAN,2017,MEN,TOT,46704.89,EXP,423402.5,12.74,8.7
CAN,2017,TOT,TOT,46704.89,EXP,423402.5,19.14,8.34
CZE,2013,WOMEN,TOT,320535.1,IMP,128547.3,8.04,13.52
CZE,2013,MEN,TOT,320535.1,IMP,128547.3,2.49,21.19
CZE,2013,TOT,TOT,320535.1,IMP,128547.3,4.9,17.86
CZE,2013,WOMEN,TOT,320535.1,EXP,137083.5,8.04,13.52
CZE,2013,MEN,TOT,320535.1,EXP,137083.5,2.49,21.19
CZE,2013,TOT,TOT,320535.1,EXP,137083.5,4.9,17.86
CZE,2014,WOMEN,TOT,339582.6,IMP,135846.1,7.74,12.85
CZE,2014,MEN,TOT,339582.6,IMP,135846.1,2.48,21.93
CZE,2014,TOT,TOT,339582.6,IMP,135846.1,4.76,17.99
CZE,2014,WOMEN,TOT,339582.6,EXP,146442.3,7.74,12.85
CZE,2014,MEN,TOT,339582.6,EXP,146442.3,2.48,21.93
CZE,2014,TOT,TOT,339582.6,EXP,146442.3,4.76,17.99
CZE,2015,WOMEN,TOT,352963.18,IMP,120568.1,7.44,12.78
CZE,2015,MEN,TOT,352963.18,IMP,120568.1,2.54,20.88
CZE,2015,TOT,TOT,352963.18,IMP,120568.1,4.68,17.34
CZE,2015,WOMEN,TOT,352963.18,EXP,128213.8,7.44,12.78
CZE,2015,MEN,TOT,352963.18,EXP,128213.8,2.54,20.88
CZE,2015,TOT,TOT,352963.18,EXP,128213.8,4.68,17.34
CZE,2016,WOMEN,TOT,366767.86,IMP,120508.1,7.97,13.23
CZE,2016,MEN,TOT,366767.86,IMP,120508.1,2.57,20.25
CZE,2016,TOT,TOT,366767.86,IMP,120508.1,4.95,17.16
CZE,2016,WOMEN,TOT,366767.86,EXP,130560.7,7.97,13.23
CZE,2016,MEN,TOT,366767.86,EXP,130560.7,2.57,20.25
CZE,2016,TOT,TOT,366767.86,EXP,130560.7,4.95,17.16
CZE,2017,WOMEN,TOT,384930.38,IMP,134167.5,8.68,12.89
CZE,2017,MEN,TOT,384930.38,IMP,134167.5,2.74,20.46
CZE,2017,TOT,TOT,384930.38,IMP,134167.5,5.36,17.12
CZE,2017,WOMEN,TOT,384930.38,EXP,144470.9,8.68,12.89
CZE,2017,MEN,TOT,384930.38,EXP,144470.9,2.74,20.46
CZE,2017,TOT,TOT,384930.38,EXP,144470.9,5.36,17.12
CZE,2013,WOMEN,TOT,30496.02,IMP,128547.3,8.04,13.52
CZE,2013,MEN,TOT,30496.02,IMP,128547.3,2.49,21.19
CZE,2013,TOT,TOT,30496.02,IMP,128547.3,4.9,17.86
CZE,2013,WOMEN,TOT,30496.02,EXP,137083.5,8.04,13.52
CZE,2013,MEN,TOT,30496.02,EXP,137083.5,2.49,21.19
CZE,2013,TOT,TOT,30496.02,EXP,137083.5,4.9,17.86
CZE,2014,WOMEN,TOT,32265.05,IMP,135846.1,7.74,12.85
CZE,2014,MEN,TOT,32265.05,IMP,135846.1,2.48,21.93
CZE,2014,TOT,TOT,32265.05,IMP,135846.1,4.76,17.99
CZE,2014,WOMEN,TOT,32265.05,EXP,146442.3,7.74,12.85
CZE,2014,MEN,TOT,32265.05,EXP,146442.3,2.48,21.93
CZE,2014,TOT,TOT,32265.05,EXP,146442.3,4.76,17.99
CZE,2015,WOMEN,TOT,33478.62,IMP,120568.1,7.44,12.78
CZE,2015,MEN,TOT,33478.62,IMP,120568.1,2.54,20.88
CZE,2015,TOT,TOT,33478.62,IMP,120568.1,4.68,17.34
CZE,2015,WOMEN,TOT,33478.62,EXP,128213.8,7.44,12.78
CZE,2015,MEN,TOT,33478.62,EXP,128213.8,2.54,20.88
CZE,2015,TOT,TOT,33478.62,EXP,128213.8,4.68,17.34
CZE,2016,WOMEN,TOT,34714.43,IMP,120508.1,7.97,13.23
CZE,2016,MEN,TOT,34714.43,IMP,120508.1,2.57,20.25
CZE,2016,TOT,TOT,34714.43,IMP,120508.1,4.95,17.16
CZE,2016,WOMEN,TOT,34714.43,EXP,130560.7,7.97,13.23
CZE,2016,MEN,TOT,34714.43,EXP,130560.7,2.57,20.25
CZE,2016,TOT,TOT,34714.43,EXP,130560.7,4.95,17.16
CZE,2017,WOMEN,TOT,36350.1,IMP,134167.5,8.68,12.89
CZE,2017,MEN,TOT,36350.1,IMP,134167.5,2.74,20.46
CZE,2017,TOT,TOT,36350.1,IMP,134167.5,5.36,17.12
CZE,2017,WOMEN,TOT,36350.1,EXP,144470.9,8.68,12.89
CZE,2017,MEN,TOT,36350.1,EXP,144470.9,2.74,20.46
CZE,2017,TOT,TOT,36350.1,EXP,144470.9,5.36,17.12
DNK,2013,WOMEN,TOT,262368.12,IMP,101583.3,24.69,5.59
DNK,2013,MEN,TOT,262368.12,IMP,101583.3,14.23,12.1
DNK,2013,WOMEN,TOT,262368.12,EXP,116851.2,24.69,5.59
DNK,2013,MEN,TOT,262368.12,EXP,116851.2,14.23,12.1
DNK,2014,WOMEN,TOT,270330.61,IMP,103322.9,25.44,5.52
DNK,2014,MEN,TOT,270330.61,IMP,103322.9,14.56,11.87
DNK,2014,TOT,TOT,270330.61,IMP,103322.9,19.7,8.88
DNK,2014,WOMEN,TOT,270330.61,EXP,119208.8,25.44,5.52
DNK,2014,MEN,TOT,270330.61,EXP,119208.8,14.56,11.87
DNK,2014,TOT,TOT,270330.61,EXP,119208.8,19.7,8.88
DNK,2015,WOMEN,TOT,276642.61,IMP,87586.95,25.77,5.36
DNK,2015,MEN,TOT,276642.61,IMP,87586.95,14.97,11.56
DNK,2015,TOT,TOT,276642.61,IMP,87586.95,20.03,8.65
DNK,2015,WOMEN,TOT,276642.61,EXP,103383.3,25.77,5.36
DNK,2015,MEN,TOT,276642.61,EXP,103383.3,14.97,11.56
DNK,2015,TOT,TOT,276642.61,EXP,103383.3,20.03,8.65
DNK,2016,WOMEN,TOT,280838.7,IMP,86841.75,26.67,5.94
DNK,2016,MEN,TOT,280838.7,IMP,86841.75,17.33,11.84
DNK,2016,TOT,TOT,280838.7,IMP,86841.75,21.72,9.06
DNK,2016,WOMEN,TOT,280838.7,EXP,104098.7,26.67,5.94
DNK,2016,MEN,TOT,280838.7,EXP,104098.7,17.33,11.84
DNK,2016,TOT,TOT,280838.7,EXP,104098.7,21.72,9.06
DNK,2017,WOMEN,TOT,296974.89,IMP,94758.8,25.35,5.3
DNK,2017,MEN,TOT,296974.89,IMP,94758.8,16.03,10.87
DNK,2017,TOT,TOT,296974.89,IMP,94758.8,20.43,8.24
DNK,2017,WOMEN,TOT,296974.89,EXP,113337.7,25.35,5.3
DNK,2017,MEN,TOT,296974.89,EXP,113337.7,16.03,10.87
DNK,2017,TOT,TOT,296974.89,EXP,113337.7,20.43,8.24
DNK,2013,WOMEN,TOT,46742.94,IMP,101583.3,24.69,5.59
DNK,2013,MEN,TOT,46742.94,IMP,101583.3,14.23,12.1
DNK,2013,WOMEN,TOT,46742.94,EXP,116851.2,24.69,5.59
DNK,2013,MEN,TOT,46742.94,EXP,116851.2,14.23,12.1
DNK,2014,WOMEN,TOT,47905.48,IMP,103322.9,25.44,5.52
DNK,2014,MEN,TOT,47905.48,IMP,103322.9,14.56,11.87
DNK,2014,TOT,TOT,47905.48,IMP,103322.9,19.7,8.88
DNK,2014,WOMEN,TOT,47905.48,EXP,119208.8,25.44,5.52
DNK,2014,MEN,TOT,47905.48,EXP,119208.8,14.56,11.87
DNK,2014,TOT,TOT,47905.48,EXP,119208.8,19.7,8.88
DNK,2015,WOMEN,TOT,48687.54,IMP,87586.95,25.77,5.36
DNK,2015,MEN,TOT,48687.54,IMP,87586.95,14.97,11.56
DNK,2015,TOT,TOT,48687.54,IMP,87586.95,20.03,8.65
DNK,2015,WOMEN,TOT,48687.54,EXP,103383.3,25.77,5.36
DNK,2015,MEN,TOT,48687.54,EXP,103383.3,14.97,11.56
DNK,2015,TOT,TOT,48687.54,EXP,103383.3,20.03,8.65
DNK,2016,WOMEN,TOT,49020.54,IMP,86841.75,26.67,5.94
DNK,2016,MEN,TOT,49020.54,IMP,86841.75,17.33,11.84
DNK,2016,TOT,TOT,49020.54,IMP,86841.75,21.72,9.06
DNK,2016,WOMEN,TOT,49020.54,EXP,104098.7,26.67,5.94
DNK,2016,MEN,TOT,49020.54,EXP,104098.7,17.33,11.84
DNK,2016,TOT,TOT,49020.54,EXP,104098.7,21.72,9.06
DNK,2017,WOMEN,TOT,51495.56,IMP,94758.8,25.35,5.3
DNK,2017,MEN,TOT,51495.56,IMP,94758.8,16.03,10.87
DNK,2017,TOT,TOT,51495.56,IMP,94758.8,20.43,8.24
DNK,2017,WOMEN,TOT,51495.56,EXP,113337.7,25.35,5.3
DNK,2017,MEN,TOT,51495.56,EXP,113337.7,16.03,10.87
DNK,2017,TOT,TOT,51495.56,EXP,113337.7,20.43,8.24
FIN,2013,WOMEN,TOT,224594.22,IMP,75099.13,16.66,8.8
FIN,2013,MEN,TOT,224594.22,IMP,75099.13,9.6,17.83
FIN,2013,TOT,TOT,224594.22,IMP,75099.13,13.04,13.44
FIN,2013,WOMEN,TOT,224594.22,EXP,78498.85,16.66,8.8
FIN,2013,MEN,TOT,224594.22,EXP,78498.85,9.6,17.83
FIN,2013,TOT,TOT,224594.22,EXP,78498.85,13.04,13.44
FIN,2014,WOMEN,TOT,226490.09,IMP,72985.74,16.76,9.33
FIN,2014,MEN,TOT,226490.09,IMP,72985.74,10.04,18.44
FIN,2014,TOT,TOT,226490.09,IMP,72985.74,13.32,14.0
FIN,2014,WOMEN,TOT,226490.09,EXP,75360.71,16.76,9.33
FIN,2014,MEN,TOT,226490.09,EXP,75360.71,10.04,18.44
FIN,2014,TOT,TOT,226490.09,EXP,75360.71,13.32,14.0
FIN,2015,WOMEN,TOT,230530.3,IMP,57120.09,16.36,9.46
FIN,2015,MEN,TOT,230530.3,IMP,57120.09,10.59,18.75
FIN,2015,TOT,TOT,230530.3,IMP,57120.09,13.4,14.22
FIN,2015,WOMEN,TOT,230530.3,EXP,59091.36,16.36,9.46
FIN,2015,MEN,TOT,230530.3,EXP,59091.36,10.59,18.75
FIN,2015,TOT,TOT,230530.3,EXP,59091.36,13.4,14.22
FIN,2016,WOMEN,TOT,238749.49,IMP,58175.47,17.65,9.38
FIN,2016,MEN,TOT,238749.49,IMP,58175.47,10.62,18.38
FIN,2016,TOT,TOT,238749.49,IMP,58175.47,14.01,14.03
FIN,2016,WOMEN,TOT,238749.49,EXP,59018.13,17.65,9.38
FIN,2016,MEN,TOT,238749.49,EXP,59018.13,10.62,18.38
FIN,2016,TOT,TOT,238749.49,EXP,59018.13,14.01,14.03
FIN,2017,WOMEN,TOT,247624.34,IMP,65136.44,17.42,9.04
FIN,2017,MEN,TOT,247624.34,IMP,65136.44,10.88,17.02
FIN,2017,TOT,TOT,247624.34,IMP,65136.44,14.03,13.18
FIN,2017,WOMEN,TOT,247624.34,EXP,67613.02,17.42,9.04
FIN,2017,MEN,TOT,247624.34,EXP,67613.02,10.88,17.02
FIN,2017,TOT,TOT,247624.34,EXP,67613.02,14.03,13.18
FIN,2013,WOMEN,TOT,41293.29,IMP,75099.13,16.66,8.8
FIN,2013,MEN,TOT,41293.29,IMP,75099.13,9.6,17.83
FIN,2013,TOT,TOT,41293.29,IMP,75099.13,13.04,13.44
FIN,2013,WOMEN,TOT,41293.29,EXP,78498.85,16.66,8.8
FIN,2013,MEN,TOT,41293.29,EXP,78498.85,9.6,17.83
FIN,2013,TOT,TOT,41293.29,EXP,78498.85,13.04,13.44
FIN,2014,WOMEN,TOT,41462.72,IMP,72985.74,16.76,9.33
FIN,2014,MEN,TOT,41462.72,IMP,72985.74,10.04,18.44
FIN,2014,TOT,TOT,41462.72,IMP,72985.74,13.32,14.0
FIN,2014,WOMEN,TOT,41462.72,EXP,75360.71,16.76,9.33
FIN,2014,MEN,TOT,41462.72,EXP,75360.71,10.04,18.44
FIN,2014,TOT,TOT,41462.72,EXP,75360.71,13.32,14.0
FIN,2015,WOMEN,TOT,42063.73,IMP,57120.09,16.36,9.46
FIN,2015,MEN,TOT,42063.73,IMP,57120.09,10.59,18.75
FIN,2015,TOT,TOT,42063.73,IMP,57120.09,13.4,14.22
FIN,2015,WOMEN,TOT,42063.73,EXP,59091.36,16.36,9.46
FIN,2015,MEN,TOT,42063.73,EXP,59091.36,10.59,18.75
FIN,2015,TOT,TOT,42063.73,EXP,59091.36,13.4,14.22
FIN,2016,WOMEN,TOT,43446.12,IMP,58175.47,17.65,9.38
FIN,2016,MEN,TOT,43446.12,IMP,58175.47,10.62,18.38
FIN,2016,TOT,TOT,43446.12,IMP,58175.47,14.01,14.03
FIN,2016,WOMEN,TOT,43446.12,EXP,59018.13,17.65,9.38
FIN,2016,MEN,TOT,43446.12,EXP,59018.13,10.62,18.38
FIN,2016,TOT,TOT,43446.12,EXP,59018.13,14.01,14.03
FIN,2017,WOMEN,TOT,44955.58,IMP,65136.44,17.42,9.04
FIN,2017,MEN,TOT,44955.58,IMP,65136.44,10.88,17.02
FIN,2017,TOT,TOT,44955.58,IMP,65136.44,14.03,13.18
FIN,2017,WOMEN,TOT,44955.58,EXP,67613.02,17.42,9.04
FIN,2017,MEN,TOT,44955.58,EXP,67613.02,10.88,17.02
FIN,2017,TOT,TOT,44955.58,EXP,67613.02,14.03,13.18
FRA,2013,WOMEN,TOT,2608523.5,IMP,638702.4,22.54,7.72
FRA,2013,MEN,TOT,2608523.5,IMP,638702.4,6.2,14.54
FRA,2013,TOT,TOT,2608523.5,IMP,638702.4,14.02,11.27
FRA,2013,WOMEN,TOT,2608523.5,EXP,582088.6,22.54,7.72
FRA,2013,MEN,TOT,2608523.5,EXP,582088.6,6.2,14.54
FRA,2013,TOT,TOT,2608523.5,EXP,582088.6,14.02,11.27
FRA,2014,WOMEN,TOT,2662032.87,IMP,636165.7,22.49,8.15
FRA,2014,MEN,TOT,2662032.87,IMP,636165.7,6.74,14.82
FRA,2014,TOT,TOT,2662032.87,IMP,636165.7,14.31,11.61
FRA,2014,WOMEN,TOT,2662032.87,EXP,580107.3,22.49,8.15
FRA,2014,MEN,TOT,2662032.87,EXP,580107.3,6.74,14.82
FRA,2014,TOT,TOT,2662032.87,EXP,580107.3,14.31,11.61
FRA,2015,WOMEN,TOT,2701322.72,IMP,554019.8,22.35,8.21
FRA,2015,TOT,TOT,2701322.72,IMP,554019.8,14.36,11.59
FRA,2015,WOMEN,TOT,2701322.72,EXP,521999.2,22.35,8.21
FRA,2015,TOT,TOT,2701322.72,EXP,521999.2,14.36,11.59
FRA,2016,WOMEN,TOT,2765184.87,IMP,558713.2,22.02,8.43
FRA,2016,MEN,TOT,2765184.87,IMP,558713.2,6.95,14.96
FRA,2016,TOT,TOT,2765184.87,IMP,558713.2,14.22,11.81
FRA,2016,WOMEN,TOT,2765184.87,EXP,520507.2,22.02,8.43
FRA,2016,MEN,TOT,2765184.87,EXP,520507.2,6.95,14.96
FRA,2016,TOT,TOT,2765184.87,EXP,520507.2,14.22,11.81
FRA,2017,WOMEN,TOT,2876059.48,IMP,607623.3,22.15,8.59
FRA,2017,MEN,TOT,2876059.48,IMP,607623.3,7.02,14.47
FRA,2017,TOT,TOT,2876059.48,IMP,607623.3,14.29,11.64
FRA,2017,WOMEN,TOT,2876059.48,EXP,553317.6,22.15,8.59
FRA,2017,MEN,TOT,2876059.48,EXP,553317.6,7.02,14.47
FRA,2017,TOT,TOT,2876059.48,EXP,553317.6,14.29,11.64
FRA,2013,WOMEN,TOT,39529.07,IMP,638702.4,22.54,7.72
FRA,2013,MEN,TOT,39529.07,IMP,638702.4,6.2,14.54
FRA,2013,TOT,TOT,39529.07,IMP,638702.4,14.02,11.27
FRA,2013,WOMEN,TOT,39529.07,EXP,582088.6,22.54,7.72
FRA,2013,MEN,TOT,39529.07,EXP,582088.6,6.2,14.54
FRA,2013,TOT,TOT,39529.07,EXP,582088.6,14.02,11.27
FRA,2014,WOMEN,TOT,40144.66,IMP,636165.7,22.49,8.15
FRA,2014,MEN,TOT,40144.66,IMP,636165.7,6.74,14.82
FRA,2014,TOT,TOT,40144.66,IMP,636165.7,14.31,11.61
FRA,2014,WOMEN,TOT,40144.66,EXP,580107.3,22.49,8.15
FRA,2014,MEN,TOT,40144.66,EXP,580107.3,6.74,14.82
FRA,2014,TOT,TOT,40144.66,EXP,580107.3,14.31,11.61
FRA,2015,WOMEN,TOT,40564.66,IMP,554019.8,22.35,8.21
FRA,2015,TOT,TOT,40564.66,IMP,554019.8,14.36,11.59
FRA,2015,WOMEN,TOT,40564.66,EXP,521999.2,22.35,8.21
FRA,2015,TOT,TOT,40564.66,EXP,521999.2,14.36,11.59
FRA,2016,WOMEN,TOT,41357.84,IMP,558713.2,22.02,8.43
FRA,2016,MEN,TOT,41357.84,IMP,558713.2,6.95,14.96
FRA,2016,TOT,TOT,41357.84,IMP,558713.2,14.22,11.81
FRA,2016,WOMEN,TOT,41357.84,EXP,520507.2,22.02,8.43
FRA,2016,MEN,TOT,41357.84,EXP,520507.2,6.95,14.96
FRA,2016,TOT,TOT,41357.84,EXP,520507.2,14.22,11.81
FRA,2017,WOMEN,TOT,42858.45,IMP,607623.3,22.15,8.59
FRA,2017,MEN,TOT,42858.45,IMP,607623.3,7.02,14.47
FRA,2017,TOT,TOT,42858.45,IMP,607623.3,14.29,11.64
FRA,2017,WOMEN,TOT,42858.45,EXP,553317.6,22.15,8.59
FRA,2017,MEN,TOT,42858.45,EXP,553317.6,7.02,14.47
FRA,2017,TOT,TOT,42858.45,EXP,553317.6,14.29,11.64
DEU,2013,WOMEN,TOT,3647777.59,IMP,1151670.0,38.13,8.11
DEU,2013,MEN,TOT,3647777.59,IMP,1151670.0,9.03,13.88
DEU,2013,TOT,TOT,3647777.59,IMP,1151670.0,22.57,11.2
DEU,2013,WOMEN,TOT,3647777.59,EXP,1433978.0,38.13,8.11
DEU,2013,MEN,TOT,3647777.59,EXP,1433978.0,9.03,13.88
DEU,2013,TOT,TOT,3647777.59,EXP,1433978.0,22.57,11.2
DEU,2014,WOMEN,TOT,3813669.03,IMP,1177082.0,37.45,7.99
DEU,2014,MEN,TOT,3813669.03,IMP,1177082.0,9.14,13.54
DEU,2014,TOT,TOT,3813669.03,IMP,1177082.0,22.33,10.96
DEU,2014,WOMEN,TOT,3813669.03,EXP,1479837.0,37.45,7.99
DEU,2014,MEN,TOT,3813669.03,EXP,1479837.0,9.14,13.54
DEU,2014,TOT,TOT,3813669.03,EXP,1479837.0,22.33,10.96
DEU,2015,WOMEN,TOT,3905507.3,IMP,1018362.0,37.42,7.75
DEU,2015,MEN,TOT,3905507.3,IMP,1018362.0,9.28,13.38
DEU,2015,TOT,TOT,3905507.3,IMP,1018362.0,22.4,10.75
DEU,2015,WOMEN,TOT,3905507.3,EXP,1308044.0,37.42,7.75
DEU,2015,MEN,TOT,3905507.3,EXP,1308044.0,9.28,13.38
DEU,2015,TOT,TOT,3905507.3,EXP,1308044.0,22.4,10.75
DEU,2016,WOMEN,TOT,4030399.46,IMP,1021871.0,36.95,7.65
DEU,2016,MEN,TOT,4030399.46,IMP,1021871.0,9.08,12.84
DEU,2016,TOT,TOT,4030399.46,IMP,1021871.0,22.08,10.42
DEU,2016,WOMEN,TOT,4030399.46,EXP,1318238.0,36.95,7.65
DEU,2016,MEN,TOT,4030399.46,EXP,1318238.0,9.08,12.84
DEU,2016,TOT,TOT,4030399.46,EXP,1318238.0,22.08,10.42
DEU,2017,WOMEN,TOT,4187585.0,IMP,1132559.0,36.84,7.55
DEU,2017,MEN,TOT,4187585.0,IMP,1132559.0,9.36,12.51
DEU,2017,TOT,TOT,4187585.0,IMP,1132559.0,22.16,10.2
DEU,2017,WOMEN,TOT,4187585.0,EXP,1431690.0,36.84,7.55
DEU,2017,MEN,TOT,4187585.0,EXP,1431690.0,9.36,12.51
DEU,2017,TOT,TOT,4187585.0,EXP,1431690.0,22.16,10.2
DEU,2013,WOMEN,TOT,45231.97,IMP,1151670.0,38.13,8.11
DEU,2013,MEN,TOT,45231.97,IMP,1151670.0,9.03,13.88
DEU,2013,TOT,TOT,45231.97,IMP,1151670.0,22.57,11.2
DEU,2013,WOMEN,TOT,45231.97,EXP,1433978.0,38.13,8.11
DEU,2013,MEN,TOT,45231.97,EXP,1433978.0,9.03,13.88
DEU,2013,TOT,TOT,45231.97,EXP,1433978.0,22.57,11.2
DEU,2014,WOMEN,TOT,47092.22,IMP,1177082.0,37.45,7.99
DEU,2014,MEN,TOT,47092.22,IMP,1177082.0,9.14,13.54
DEU,2014,TOT,TOT,47092.22,IMP,1177082.0,22.33,10.96
DEU,2014,WOMEN,TOT,47092.22,EXP,1479837.0,37.45,7.99
DEU,2014,MEN,TOT,47092.22,EXP,1479837.0,9.14,13.54
DEU,2014,TOT,TOT,47092.22,EXP,1479837.0,22.33,10.96
DEU,2015,WOMEN,TOT,47810.63,IMP,1018362.0,37.42,7.75
DEU,2015,MEN,TOT,47810.63,IMP,1018362.0,9.28,13.38
DEU,2015,TOT,TOT,47810.63,IMP,1018362.0,22.4,10.75
DEU,2015,WOMEN,TOT,47810.63,EXP,1308044.0,37.42,7.75
DEU,2015,MEN,TOT,47810.63,EXP,1308044.0,9.28,13.38
DEU,2015,TOT,TOT,47810.63,EXP,1308044.0,22.4,10.75
DEU,2016,WOMEN,TOT,48942.91,IMP,1021871.0,36.95,7.65
DEU,2016,MEN,TOT,48942.91,IMP,1021871.0,9.08,12.84
DEU,2016,TOT,TOT,48942.91,IMP,1021871.0,22.08,10.42
DEU,2016,WOMEN,TOT,48942.91,EXP,1318238.0,36.95,7.65
DEU,2016,MEN,TOT,48942.91,EXP,1318238.0,9.08,12.84
DEU,2016,TOT,TOT,48942.91,EXP,1318238.0,22.08,10.42
DEU,2017,WOMEN,TOT,50648.71,IMP,1132559.0,36.84,7.55
DEU,2017,MEN,TOT,50648.71,IMP,1132559.0,9.36,12.51
DEU,2017,TOT,TOT,50648.71,IMP,1132559.0,22.16,10.2
DEU,2017,WOMEN,TOT,50648.71,EXP,1431690.0,36.84,7.55
DEU,2017,MEN,TOT,50648.71,EXP,1431690.0,9.36,12.51
DEU,2017,TOT,TOT,50648.71,EXP,1431690.0,22.16,10.2
GRC,2013,WOMEN,TOT,286168.64,IMP,63284.41,15.6,31.91
GRC,2013,MEN,TOT,286168.64,IMP,63284.41,6.62,40.55
GRC,2013,TOT,TOT,286168.64,IMP,63284.41,10.33,36.99
GRC,2013,WOMEN,TOT,286168.64,EXP,35704.34,15.6,31.91
GRC,2013,MEN,TOT,286168.64,EXP,35704.34,6.62,40.55
GRC,2013,TOT,TOT,286168.64,EXP,35704.34,10.33,36.99
GRC,2014,WOMEN,TOT,292335.74,IMP,65066.09,16.17,30.43
GRC,2014,MEN,TOT,292335.74,IMP,65066.09,7.53,39.96
GRC,2014,TOT,TOT,292335.74,IMP,65066.09,11.15,35.97
GRC,2014,WOMEN,TOT,292335.74,EXP,35538.24,16.17,30.43
GRC,2014,MEN,TOT,292335.74,EXP,35538.24,7.53,39.96
GRC,2014,TOT,TOT,292335.74,EXP,35538.24,11.15,35.97
GRC,2015,WOMEN,TOT,288887.8,IMP,46612.59,16.28,29.61
GRC,2015,MEN,TOT,288887.8,IMP,46612.59,7.34,38.86
GRC,2015,TOT,TOT,288887.8,IMP,46612.59,11.12,34.96
GRC,2015,WOMEN,TOT,288887.8,EXP,27496.76,16.28,29.61
GRC,2015,MEN,TOT,288887.8,EXP,27496.76,7.34,38.86
GRC,2015,TOT,TOT,288887.8,EXP,27496.76,11.12,34.96
GRC,2016,WOMEN,TOT,288418.36,IMP,45417.27,16.12,29.47
GRC,2016,MEN,TOT,288418.36,IMP,45417.27,7.22,37.44
GRC,2016,TOT,TOT,288418.36,IMP,45417.27,10.96,34.09
GRC,2016,WOMEN,TOT,288418.36,EXP,27077.85,16.12,29.47
GRC,2016,MEN,TOT,288418.36,EXP,27077.85,7.22,37.44
GRC,2016,TOT,TOT,288418.36,EXP,27077.85,10.96,34.09
GRC,2017,WOMEN,TOT,297008.36,IMP,52171.82,16.35,29.22
GRC,2017,MEN,TOT,297008.36,IMP,52171.82,7.1,37.56
GRC,2017,TOT,TOT,297008.36,IMP,52171.82,10.98,34.07
GRC,2017,WOMEN,TOT,297008.36,EXP,31483.23,16.35,29.22
GRC,2017,MEN,TOT,297008.36,EXP,31483.23,7.1,37.56
GRC,2017,TOT,TOT,297008.36,EXP,31483.23,10.98,34.07
GRC,2013,WOMEN,TOT,26097.8,IMP,63284.41,15.6,31.91
GRC,2013,MEN,TOT,26097.8,IMP,63284.41,6.62,40.55
GRC,2013,TOT,TOT,26097.8,IMP,63284.41,10.33,36.99
GRC,2013,WOMEN,TOT,26097.8,EXP,35704.34,15.6,31.91
GRC,2013,MEN,TOT,26097.8,EXP,35704.34,6.62,40.55
GRC,2013,TOT,TOT,26097.8,EXP,35704.34,10.33,36.99
GRC,2014,WOMEN,TOT,26838.58,IMP,65066.09,16.17,30.43
GRC,2014,MEN,TOT,26838.58,IMP,65066.09,7.53,39.96
GRC,2014,TOT,TOT,26838.58,IMP,65066.09,11.15,35.97
GRC,2014,WOMEN,TOT,26838.58,EXP,35538.24,16.17,30.43
GRC,2014,MEN,TOT,26838.58,EXP,35538.24,7.53,39.96
GRC,2014,TOT,TOT,26838.58,EXP,35538.24,11.15,35.97
GRC,2015,WOMEN,TOT,26697.05,IMP,46612.59,16.28,29.61
GRC,2015,MEN,TOT,26697.05,IMP,46612.59,7.34,38.86
GRC,2015,TOT,TOT,26697.05,IMP,46612.59,11.12,34.96
GRC,2015,WOMEN,TOT,26697.05,EXP,27496.76,16.28,29.61
GRC,2015,MEN,TOT,26697.05,EXP,27496.76,7.34,38.86
GRC,2015,TOT,TOT,26697.05,EXP,27496.76,11.12,34.96
GRC,2016,WOMEN,TOT,26764.91,IMP,45417.27,16.12,29.47
GRC,2016,MEN,TOT,26764.91,IMP,45417.27,7.22,37.44
GRC,2016,TOT,TOT,26764.91,IMP,45417.27,10.96,34.09
GRC,2016,WOMEN,TOT,26764.91,EXP,27077.85,16.12,29.47
GRC,2016,MEN,TOT,26764.91,EXP,27077.85,7.22,37.44
GRC,2016,TOT,TOT,26764.91,EXP,27077.85,10.96,34.09
GRC,2017,WOMEN,TOT,27699.53,IMP,52171.82,16.35,29.22
GRC,2017,MEN,TOT,27699.53,IMP,52171.82,7.1,37.56
GRC,2017,TOT,TOT,27699.53,IMP,52171.82,10.98,34.07
GRC,2017,WOMEN,TOT,27699.53,EXP,31483.23,16.35,29.22
GRC,2017,MEN,TOT,27699.53,EXP,31483.23,7.1,37.56
GRC,2017,TOT,TOT,27699.53,EXP,31483.23,10.98,34.07
HUN,2013,WOMEN,TOT,242016.44,IMP,88874.84,6.53,8.23
HUN,2013,MEN,TOT,242016.44,IMP,88874.84,3.47,13.87
HUN,2013,TOT,TOT,242016.44,IMP,88874.84,4.9,11.28
HUN,2013,WOMEN,TOT,242016.44,EXP,93309.71,6.53,8.23
HUN,2013,MEN,TOT,242016.44,EXP,93309.71,3.47,13.87
HUN,2013,TOT,TOT,242016.44,EXP,93309.71,4.9,11.28
HUN,2014,WOMEN,TOT,251838.81,IMP,95127.7,6.03,7.79
HUN,2014,MEN,TOT,251838.81,IMP,95127.7,3.15,13.61
HUN,2014,TOT,TOT,251838.81,IMP,95127.7,4.5,10.94
HUN,2014,WOMEN,TOT,251838.81,EXP,97955.26,6.03,7.79
HUN,2014,MEN,TOT,251838.81,EXP,97955.26,3.15,13.61
HUN,2014,TOT,TOT,251838.81,EXP,97955.26,4.5,10.94
HUN,2015,WOMEN,TOT,257370.94,IMP,83486.89,5.95,7.99
HUN,2015,MEN,TOT,257370.94,IMP,83486.89,3.0,13.26
HUN,2015,TOT,TOT,257370.94,IMP,83486.89,4.38,10.85
HUN,2015,WOMEN,TOT,257370.94,EXP,88384.48,5.95,7.99
HUN,2015,MEN,TOT,257370.94,EXP,88384.48,3.0,13.26
HUN,2015,TOT,TOT,257370.94,EXP,88384.48,4.38,10.85
HUN,2016,WOMEN,TOT,262041.83,IMP,83487.52,5.49,8.17
HUN,2016,MEN,TOT,262041.83,IMP,83487.52,2.61,12.9
HUN,2016,TOT,TOT,262041.83,IMP,83487.52,3.96,10.74
HUN,2016,WOMEN,TOT,262041.83,EXP,88601.56,5.49,8.17
HUN,2016,MEN,TOT,262041.83,EXP,88601.56,2.61,12.9
HUN,2016,TOT,TOT,262041.83,EXP,88601.56,3.96,10.74
HUN,2017,WOMEN,TOT,274926.86,IMP,96097.92,5.13,8.26
HUN,2017,MEN,TOT,274926.86,IMP,96097.92,2.34,12.06
HUN,2017,TOT,TOT,274926.86,IMP,96097.92,3.63,10.34
HUN,2017,WOMEN,TOT,274926.86,EXP,98600.55,5.13,8.26
HUN,2017,MEN,TOT,274926.86,EXP,98600.55,2.34,12.06
HUN,2017,TOT,TOT,274926.86,EXP,98600.55,3.63,10.34
HUN,2013,WOMEN,TOT,24463.2,IMP,88874.84,6.53,8.23
HUN,2013,MEN,TOT,24463.2,IMP,88874.84,3.47,13.87
HUN,2013,TOT,TOT,24463.2,IMP,88874.84,4.9,11.28
HUN,2013,WOMEN,TOT,24463.2,EXP,93309.71,6.53,8.23
HUN,2013,MEN,TOT,24463.2,EXP,93309.71,3.47,13.87
HUN,2013,TOT,TOT,24463.2,EXP,93309.71,4.9,11.28
HUN,2014,WOMEN,TOT,25524.72,IMP,95127.7,6.03,7.79
HUN,2014,MEN,TOT,25524.72,IMP,95127.7,3.15,13.61
HUN,2014,TOT,TOT,25524.72,IMP,95127.7,4.5,10.94
HUN,2014,WOMEN,TOT,25524.72,EXP,97955.26,6.03,7.79
HUN,2014,MEN,TOT,25524.72,EXP,97955.26,3.15,13.61
HUN,2014,TOT,TOT,25524.72,EXP,97955.26,4.5,10.94
HUN,2015,WOMEN,TOT,26147.54,IMP,83486.89,5.95,7.99
HUN,2015,MEN,TOT,26147.54,IMP,83486.89,3.0,13.26
HUN,2015,TOT,TOT,26147.54,IMP,83486.89,4.38,10.85
HUN,2015,WOMEN,TOT,26147.54,EXP,88384.48,5.95,7.99
HUN,2015,MEN,TOT,26147.54,EXP,88384.48,3.0,13.26
HUN,2015,TOT,TOT,26147.54,EXP,88384.48,4.38,10.85
HUN,2016,WOMEN,TOT,26700.76,IMP,83487.52,5.49,8.17
HUN,2016,MEN,TOT,26700.76,IMP,83487.52,2.61,12.9
HUN,2016,TOT,TOT,26700.76,IMP,83487.52,3.96,10.74
HUN,2016,WOMEN,TOT,26700.76,EXP,88601.56,5.49,8.17
HUN,2016,MEN,TOT,26700.76,EXP,88601.56,2.61,12.9
HUN,2016,TOT,TOT,26700.76,EXP,88601.56,3.96,10.74
HUN,2017,WOMEN,TOT,28099.31,IMP,96097.92,5.13,8.26
HUN,2017,MEN,TOT,28099.31,IMP,96097.92,2.34,12.06
HUN,2017,TOT,TOT,28099.31,IMP,96097.92,3.63,10.34
HUN,2017,WOMEN,TOT,28099.31,EXP,98600.55,5.13,8.26
HUN,2017,MEN,TOT,28099.31,EXP,98600.55,2.34,12.06
HUN,2017,TOT,TOT,28099.31,EXP,98600.55,3.63,10.34
IRL,2013,WOMEN,TOT,221790.14,IMP,85261.12,36.17,8.28
IRL,2013,MEN,TOT,221790.14,IMP,85261.12,13.12,24.21
IRL,2013,TOT,TOT,221790.14,IMP,85261.12,24.23,16.87
IRL,2013,WOMEN,TOT,221790.14,EXP,131066.4,36.17,8.28
IRL,2013,MEN,TOT,221790.14,EXP,131066.4,13.12,24.21
IRL,2013,TOT,TOT,221790.14,EXP,131066.4,24.23,16.87
IRL,2014,WOMEN,TOT,238440.77,IMP,97824.7,35.38,8.01
IRL,2014,MEN,TOT,238440.77,IMP,97824.7,12.47,23.86
IRL,2014,TOT,TOT,238440.77,IMP,97824.7,23.41,16.59
IRL,2014,WOMEN,TOT,238440.77,EXP,151866.4,35.38,8.01
IRL,2014,MEN,TOT,238440.77,EXP,151866.4,12.47,23.86
IRL,2014,TOT,TOT,238440.77,EXP,151866.4,23.41,16.59
IRL,2015,WOMEN,TOT,322972.44,IMP,96436.68,35.45,8.12
IRL,2015,MEN,TOT,322972.44,IMP,96436.68,12.32,23.26
IRL,2015,TOT,TOT,322972.44,IMP,96436.68,23.27,16.33
IRL,2015,WOMEN,TOT,322972.44,EXP,222227.1,35.45,8.12
IRL,2015,MEN,TOT,322972.44,EXP,222227.1,12.32,23.26
IRL,2015,TOT,TOT,322972.44,EXP,222227.1,23.27,16.33
IRL,2016,WOMEN,TOT,336608.48,IMP,95060.0,34.77,8.22
IRL,2016,MEN,TOT,336608.48,IMP,95060.0,11.94,22.8
IRL,2016,TOT,TOT,336608.48,IMP,95060.0,22.75,16.11
IRL,2016,WOMEN,TOT,336608.48,EXP,212016.9,34.77,8.22
IRL,2016,MEN,TOT,336608.48,EXP,212016.9,11.94,22.8
IRL,2016,TOT,TOT,336608.48,EXP,212016.9,22.75,16.11
IRL,2017,WOMEN,TOT,361630.68,IMP,97983.65,33.83,7.77
IRL,2017,MEN,TOT,361630.68,IMP,97983.65,11.5,21.81
IRL,2017,TOT,TOT,361630.68,IMP,97983.65,21.96,15.36
IRL,2017,WOMEN,TOT,361630.68,EXP,218973.5,33.83,7.77
IRL,2017,MEN,TOT,361630.68,EXP,218973.5,11.5,21.81
IRL,2017,TOT,TOT,361630.68,EXP,218973.5,21.96,15.36
IRL,2013,WOMEN,TOT,48006.07,IMP,85261.12,36.17,8.28
IRL,2013,MEN,TOT,48006.07,IMP,85261.12,13.12,24.21
IRL,2013,TOT,TOT,48006.07,IMP,85261.12,24.23,16.87
IRL,2013,WOMEN,TOT,48006.07,EXP,131066.4,36.17,8.28
IRL,2013,MEN,TOT,48006.07,EXP,131066.4,13.12,24.21
IRL,2013,TOT,TOT,48006.07,EXP,131066.4,24.23,16.87
IRL,2014,WOMEN,TOT,51250.48,IMP,97824.7,35.38,8.01
IRL,2014,MEN,TOT,51250.48,IMP,97824.7,12.47,23.86
IRL,2014,TOT,TOT,51250.48,IMP,97824.7,23.41,16.59
IRL,2014,WOMEN,TOT,51250.48,EXP,151866.4,35.38,8.01
IRL,2014,MEN,TOT,51250.48,EXP,151866.4,12.47,23.86
IRL,2014,TOT,TOT,51250.48,EXP,151866.4,23.41,16.59
IRL,2015,WOMEN,TOT,68779.46,IMP,96436.68,35.45,8.12
IRL,2015,MEN,TOT,68779.46,IMP,96436.68,12.32,23.26
IRL,2015,TOT,TOT,68779.46,IMP,96436.68,23.27,16.33
IRL,2015,WOMEN,TOT,68779.46,EXP,222227.1,35.45,8.12
IRL,2015,MEN,TOT,68779.46,EXP,222227.1,12.32,23.26
IRL,2015,TOT,TOT,68779.46,EXP,222227.1,23.27,16.33
IRL,2016,WOMEN,TOT,70879.96,IMP,95060.0,34.77,8.22
IRL,2016,MEN,TOT,70879.96,IMP,95060.0,11.94,22.8
IRL,2016,TOT,TOT,70879.96,IMP,95060.0,22.75,16.11
IRL,2016,WOMEN,TOT,70879.96,EXP,212016.9,34.77,8.22
IRL,2016,MEN,TOT,70879.96,EXP,212016.9,11.94,22.8
IRL,2016,TOT,TOT,70879.96,EXP,212016.9,22.75,16.11
IRL,2017,WOMEN,TOT,75304.05,IMP,97983.65,33.83,7.77
IRL,2017,MEN,TOT,75304.05,IMP,97983.65,11.5,21.81
IRL,2017,TOT,TOT,75304.05,IMP,97983.65,21.96,15.36
IRL,2017,WOMEN,TOT,75304.05,EXP,218973.5,33.83,7.77
IRL,2017,MEN,TOT,75304.05,EXP,218973.5,11.5,21.81
IRL,2017,TOT,TOT,75304.05,EXP,218973.5,21.96,15.36
ITA,2013,WOMEN,TOT,2176319.77,IMP,455306.1,32.77,18.25
ITA,2013,MEN,TOT,2176319.77,IMP,455306.1,8.25,29.54
ITA,2013,TOT,TOT,2176319.77,IMP,455306.1,18.52,24.82
ITA,2013,WOMEN,TOT,2176319.77,EXP,503227.4,32.77,18.25
ITA,2013,MEN,TOT,2176319.77,EXP,503227.4,8.25,29.54
ITA,2013,TOT,TOT,2176319.77,EXP,503227.4,18.52,24.82
ITA,2014,WOMEN,TOT,2192714.4,IMP,453902.3,32.92,18.46
ITA,2014,MEN,TOT,2192714.4,IMP,453902.3,8.63,29.17
ITA,2014,TOT,TOT,2192714.4,IMP,453902.3,18.82,24.68
ITA,2014,WOMEN,TOT,2192714.4,EXP,516801.8,32.92,18.46
ITA,2014,MEN,TOT,2192714.4,EXP,516801.8,8.63,29.17
ITA,2014,TOT,TOT,2192714.4,EXP,516801.8,18.82,24.68
ITA,2015,WOMEN,TOT,2225174.88,IMP,393671.7,32.77,18.32
ITA,2015,MEN,TOT,2225174.88,IMP,393671.7,8.5,28.72
ITA,2015,TOT,TOT,2225174.88,IMP,393671.7,18.65,24.38
ITA,2015,WOMEN,TOT,2225174.88,EXP,450364.7,32.77,18.32
ITA,2015,MEN,TOT,2225174.88,EXP,450364.7,8.5,28.72
ITA,2015,TOT,TOT,2225174.88,EXP,450364.7,18.65,24.38
ITA,2016,WOMEN,TOT,2326893.3,IMP,389647.5,32.63,18.08
ITA,2016,MEN,TOT,2326893.3,IMP,389647.5,8.48,28.15
ITA,2016,TOT,TOT,2326893.3,IMP,389647.5,18.62,23.94
ITA,2016,WOMEN,TOT,2326893.3,EXP,453407.5,32.63,18.08
ITA,2016,MEN,TOT,2326893.3,EXP,453407.5,8.48,28.15
ITA,2016,TOT,TOT,2326893.3,EXP,453407.5,18.62,23.94
ITA,2017,WOMEN,TOT,2387357.65,IMP,432504.7,32.44,17.01
ITA,2017,MEN,TOT,2387357.65,IMP,432504.7,8.27,27.69
ITA,2017,TOT,TOT,2387357.65,IMP,432504.7,18.46,23.2
ITA,2017,WOMEN,TOT,2387357.65,EXP,495375.3,32.44,17.01
ITA,2017,MEN,TOT,2387357.65,EXP,495375.3,8.27,27.69
ITA,2017,TOT,TOT,2387357.65,EXP,495375.3,18.46,23.2
ITA,2013,WOMEN,TOT,35885.39,IMP,455306.1,32.77,18.25
ITA,2013,MEN,TOT,35885.39,IMP,455306.1,8.25,29.54
ITA,2013,TOT,TOT,35885.39,IMP,455306.1,18.52,24.82
ITA,2013,WOMEN,TOT,35885.39,EXP,503227.4,32.77,18.25
ITA,2013,MEN,TOT,35885.39,EXP,503227.4,8.25,29.54
ITA,2013,TOT,TOT,35885.39,EXP,503227.4,18.52,24.82
ITA,2014,WOMEN,TOT,36070.85,IMP,453902.3,32.92,18.46
ITA,2014,MEN,TOT,36070.85,IMP,453902.3,8.63,29.17
ITA,2014,TOT,TOT,36070.85,IMP,453902.3,18.82,24.68
ITA,2014,WOMEN,TOT,36070.85,EXP,516801.8,32.92,18.46
ITA,2014,MEN,TOT,36070.85,EXP,516801.8,8.63,29.17
ITA,2014,TOT,TOT,36070.85,EXP,516801.8,18.82,24.68
ITA,2015,WOMEN,TOT,36640.09,IMP,393671.7,32.77,18.32
ITA,2015,MEN,TOT,36640.09,IMP,393671.7,8.5,28.72
ITA,2015,TOT,TOT,36640.09,IMP,393671.7,18.65,24.38
ITA,2015,WOMEN,TOT,36640.09,EXP,450364.7,32.77,18.32
ITA,2015,MEN,TOT,36640.09,EXP,450364.7,8.5,28.72
ITA,2015,TOT,TOT,36640.09,EXP,450364.7,18.65,24.38
ITA,2016,WOMEN,TOT,38380.16,IMP,389647.5,32.63,18.08
ITA,2016,MEN,TOT,38380.16,IMP,389647.5,8.48,28.15
ITA,2016,TOT,TOT,38380.16,IMP,389647.5,18.62,23.94
ITA,2016,WOMEN,TOT,38380.16,EXP,453407.5,32.63,18.08
ITA,2016,MEN,TOT,38380.16,EXP,453407.5,8.48,28.15
ITA,2016,TOT,TOT,38380.16,EXP,453407.5,18.62,23.94
ITA,2017,WOMEN,TOT,39433.02,IMP,432504.7,32.44,17.01
ITA,2017,MEN,TOT,39433.02,IMP,432504.7,8.27,27.69
ITA,2017,TOT,TOT,39433.02,IMP,432504.7,18.46,23.2
ITA,2017,WOMEN,TOT,39433.02,EXP,495375.3,32.44,17.01
ITA,2017,MEN,TOT,39433.02,EXP,495375.3,8.27,27.69
ITA,2017,TOT,TOT,39433.02,EXP,495375.3,18.46,23.2
JPN,2013,WOMEN,TOT,4967051.58,IMP,784876.1,36.16,10.4
JPN,2013,MEN,TOT,4967051.58,IMP,784876.1,11.32,12.38
JPN,2013,TOT,TOT,4967051.58,IMP,784876.1,21.89,11.51
JPN,2013,WOMEN,TOT,4967051.58,EXP,694982.6,36.16,10.4
JPN,2013,MEN,TOT,4967051.58,EXP,694982.6,11.32,12.38
JPN,2013,TOT,TOT,4967051.58,EXP,694982.6,21.89,11.51
JPN,2014,WOMEN,TOT,4986566.21,IMP,798696.1,37.22,10.22
JPN,2014,MEN,TOT,4986566.21,IMP,798696.1,11.99,12.32
JPN,2014,TOT,TOT,4986566.21,IMP,798696.1,22.75,11.36
JPN,2014,WOMEN,TOT,4986566.21,EXP,699824.8,37.22,10.22
JPN,2014,MEN,TOT,4986566.21,EXP,699824.8,11.99,12.32
JPN,2014,TOT,TOT,4986566.21,EXP,699824.8,22.75,11.36
JPN,2015,WOMEN,TOT,5176841.32,IMP,629412.8,36.88,9.73
JPN,2015,MEN,TOT,5176841.32,IMP,629412.8,11.99,12.07
JPN,2015,TOT,TOT,5176841.32,IMP,629412.8,22.67,11.01
JPN,2015,WOMEN,TOT,5176841.32,EXP,622088.6,36.88,9.73
JPN,2015,MEN,TOT,5176841.32,EXP,622088.6,11.99,12.07
JPN,2015,TOT,TOT,5176841.32,EXP,622088.6,22.67,11.01
JPN,2016,WOMEN,TOT,5369478.82,IMP,584315.8,37.12,9.14
JPN,2016,MEN,TOT,5369478.82,IMP,584315.8,11.92,11.65
JPN,2016,TOT,TOT,5369478.82,IMP,584315.8,22.79,10.52
JPN,2016,WOMEN,TOT,5369478.82,EXP,635027.3,37.12,9.14
JPN,2016,MEN,TOT,5369478.82,EXP,635027.3,11.92,11.65
JPN,2016,TOT,TOT,5369478.82,EXP,635027.3,22.79,10.52
JPN,2017,TOT,TOT,5487161.17,IMP,644751.0,22.42,10.4
JPN,2017,TOT,TOT,5487161.17,EXP,688923.4,22.42,10.4
JPN,2013,WOMEN,TOT,39008.36,IMP,784876.1,36.16,10.4
JPN,2013,MEN,TOT,39008.36,IMP,784876.1,11.32,12.38
JPN,2013,TOT,TOT,39008.36,IMP,784876.1,21.89,11.51
JPN,2013,WOMEN,TOT,39008.36,EXP,694982.6,36.16,10.4
JPN,2013,MEN,TOT,39008.36,EXP,694982.6,11.32,12.38
JPN,2013,TOT,TOT,39008.36,EXP,694982.6,21.89,11.51
JPN,2014,WOMEN,TOT,39183.47,IMP,798696.1,37.22,10.22
JPN,2014,MEN,TOT,39183.47,IMP,798696.1,11.99,12.32
JPN,2014,TOT,TOT,39183.47,IMP,798696.1,22.75,11.36
JPN,2014,WOMEN,TOT,39183.47,EXP,699824.8,37.22,10.22
JPN,2014,MEN,TOT,39183.47,EXP,699824.8,11.99,12.32
JPN,2014,TOT,TOT,39183.47,EXP,699824.8,22.75,11.36
JPN,2015,WOMEN,TOT,40727.25,IMP,629412.8,36.88,9.73
JPN,2015,MEN,TOT,40727.25,IMP,629412.8,11.99,12.07
JPN,2015,TOT,TOT,40727.25,IMP,629412.8,22.67,11.01
JPN,2015,WOMEN,TOT,40727.25,EXP,622088.6,36.88,9.73
JPN,2015,MEN,TOT,40727.25,EXP,622088.6,11.99,12.07
JPN,2015,TOT,TOT,40727.25,EXP,622088.6,22.67,11.01
JPN,2016,WOMEN,TOT,42292.68,IMP,584315.8,37.12,9.14
JPN,2016,MEN,TOT,42292.68,IMP,584315.8,11.92,11.65
JPN,2016,TOT,TOT,42292.68,IMP,584315.8,22.79,10.52
JPN,2016,WOMEN,TOT,42292.68,EXP,635027.3,37.12,9.14
JPN,2016,MEN,TOT,42292.68,EXP,635027.3,11.92,11.65
JPN,2016,TOT,TOT,42292.68,EXP,635027.3,22.79,10.52
JPN,2017,TOT,TOT,43298.73,IMP,644751.0,22.42,10.4
JPN,2017,TOT,TOT,43298.73,EXP,688923.4,22.42,10.4
KOR,2013,WOMEN,TOT,1644777.31,IMP,535375.9,16.08,25.71
KOR,2013,MEN,TOT,1644777.31,IMP,535375.9,7.43,29.78
KOR,2013,TOT,TOT,1644777.31,IMP,535375.9,11.01,27.41
KOR,2013,WOMEN,TOT,1644777.31,EXP,618156.9,16.08,25.71
KOR,2013,MEN,TOT,1644777.31,EXP,618156.9,7.43,29.78
KOR,2013,TOT,TOT,1644777.31,EXP,618156.9,11.01,27.41
KOR,2014,WOMEN,TOT,1704457.64,IMP,524135.2,15.5,25.11
KOR,2014,MEN,TOT,1704457.64,IMP,524135.2,6.68,29.44
KOR,2014,TOT,TOT,1704457.64,IMP,524135.2,10.35,26.79
KOR,2014,WOMEN,TOT,1704457.64,EXP,613020.6,15.5,25.11
KOR,2014,MEN,TOT,1704457.64,EXP,613020.6,6.68,29.44
KOR,2014,TOT,TOT,1704457.64,EXP,613020.6,10.35,26.79
KOR,2015,WOMEN,TOT,1795916.63,IMP,420612.0,15.79,23.95
KOR,2015,MEN,TOT,1795916.63,IMP,420612.0,6.77,28.42
KOR,2015,TOT,TOT,1795916.63,IMP,420612.0,10.55,25.88
KOR,2015,WOMEN,TOT,1795916.63,EXP,542881.2,15.79,23.95
KOR,2015,MEN,TOT,1795916.63,EXP,542881.2,6.77,28.42
KOR,2015,TOT,TOT,1795916.63,EXP,542881.2,10.55,25.88
KOR,2016,WOMEN,TOT,1877123.31,IMP,393051.9,16.41,23.15
KOR,2016,MEN,TOT,1877123.31,IMP,393051.9,6.76,28.06
KOR,2016,TOT,TOT,1877123.31,IMP,393051.9,10.81,25.52
KOR,2016,WOMEN,TOT,1877123.31,EXP,511947.3,16.41,23.15
KOR,2016,MEN,TOT,1877123.31,EXP,511947.3,6.76,28.06
KOR,2016,TOT,TOT,1877123.31,EXP,511947.3,10.81,25.52
KOR,2017,WOMEN,TOT,1972970.74,IMP,457492.7,16.95,23.16
KOR,2017,MEN,TOT,1972970.74,IMP,457492.7,7.34,27.9
KOR,2017,TOT,TOT,1972970.74,IMP,457492.7,11.39,25.41
KOR,2017,WOMEN,TOT,1972970.74,EXP,577381.4,16.95,23.16
KOR,2017,MEN,TOT,1972970.74,EXP,577381.4,7.34,27.9
KOR,2017,TOT,TOT,1972970.74,EXP,577381.4,11.39,25.41
KOR,2013,WOMEN,TOT,32615.7,IMP,535375.9,16.08,25.71
KOR,2013,MEN,TOT,32615.7,IMP,535375.9,7.43,29.78
KOR,2013,TOT,TOT,32615.7,IMP,535375.9,11.01,27.41
KOR,2013,WOMEN,TOT,32615.7,EXP,618156.9,16.08,25.71
KOR,2013,MEN,TOT,32615.7,EXP,618156.9,7.43,29.78
KOR,2013,TOT,TOT,32615.7,EXP,618156.9,11.01,27.41
KOR,2014,WOMEN,TOT,33587.36,IMP,524135.2,15.5,25.11
KOR,2014,MEN,TOT,33587.36,IMP,524135.2,6.68,29.44
KOR,2014,TOT,TOT,33587.36,IMP,524135.2,10.35,26.79
KOR,2014,WOMEN,TOT,33587.36,EXP,613020.6,15.5,25.11
KOR,2014,MEN,TOT,33587.36,EXP,613020.6,6.68,29.44
KOR,2014,TOT,TOT,33587.36,EXP,613020.6,10.35,26.79
KOR,2015,WOMEN,TOT,35203.7,IMP,420612.0,15.79,23.95
KOR,2015,MEN,TOT,35203.7,IMP,420612.0,6.77,28.42
KOR,2015,TOT,TOT,35203.7,IMP,420612.0,10.55,25.88
KOR,2015,WOMEN,TOT,35203.7,EXP,542881.2,15.79,23.95
KOR,2015,MEN,TOT,35203.7,EXP,542881.2,6.77,28.42
KOR,2015,TOT,TOT,35203.7,EXP,542881.2,10.55,25.88
KOR,2016,WOMEN,TOT,36629.66,IMP,393051.9,16.41,23.15
KOR,2016,MEN,TOT,36629.66,IMP,393051.9,6.76,28.06
KOR,2016,TOT,TOT,36629.66,IMP,393051.9,10.81,25.52
KOR,2016,WOMEN,TOT,36629.66,EXP,511947.3,16.41,23.15
KOR,2016,MEN,TOT,36629.66,EXP,511947.3,6.76,28.06
KOR,2016,TOT,TOT,36629.66,EXP,511947.3,10.81,25.52
KOR,2017,WOMEN,TOT,38350.32,IMP,457492.7,16.95,23.16
KOR,2017,MEN,TOT,38350.32,IMP,457492.7,7.34,27.9
KOR,2017,TOT,TOT,38350.32,IMP,457492.7,11.39,25.41
KOR,2017,WOMEN,TOT,38350.32,EXP,577381.4,16.95,23.16
KOR,2017,MEN,TOT,38350.32,EXP,577381.4,7.34,27.9
KOR,2017,TOT,TOT,38350.32,EXP,577381.4,11.39,25.41
MEX,2013,WOMEN,TOT,2064490.95,IMP,381638.2,27.59,33.81
MEX,2013,MEN,TOT,2064490.95,IMP,381638.2,12.76,32.48
MEX,2013,TOT,TOT,2064490.95,IMP,381638.2,18.45,32.92
MEX,2013,WOMEN,TOT,2064490.95,EXP,380729.1,27.59,33.81
MEX,2013,MEN,TOT,2064490.95,EXP,380729.1,12.76,32.48
MEX,2013,TOT,TOT,2064490.95,EXP,380729.1,18.45,32.92
MEX,2014,WOMEN,TOT,2171631.6,IMP,400439.6,27.53,32.74
MEX,2014,MEN,TOT,2171631.6,IMP,400439.6,12.44,31.65
MEX,2014,TOT,TOT,2171631.6,IMP,400439.6,18.16,32.18
MEX,2014,WOMEN,TOT,2171631.6,EXP,397649.5,27.53,32.74
MEX,2014,MEN,TOT,2171631.6,EXP,397649.5,12.44,31.65
MEX,2014,TOT,TOT,2171631.6,EXP,397649.5,18.16,32.18
MEX,2015,WOMEN,TOT,2170274.51,IMP,395573.4,27.48,32.81
MEX,2015,MEN,TOT,2170274.51,IMP,395573.4,12.35,31.69
MEX,2015,TOT,TOT,2170274.51,IMP,395573.4,18.11,32.08
MEX,2015,WOMEN,TOT,2170274.51,EXP,380976.1,27.48,32.81
MEX,2015,MEN,TOT,2170274.51,EXP,380976.1,12.35,31.69
MEX,2015,TOT,TOT,2170274.51,EXP,380976.1,18.11,32.08
MEX,2016,WOMEN,TOT,2266350.46,IMP,387369.0,26.9,32.69
MEX,2016,MEN,TOT,2266350.46,IMP,387369.0,12.03,30.83
MEX,2016,TOT,TOT,2266350.46,IMP,387369.0,17.72,31.66
MEX,2016,WOMEN,TOT,2266350.46,EXP,374303.6,26.9,32.69
MEX,2016,MEN,TOT,2266350.46,EXP,374303.6,12.03,30.83
MEX,2016,TOT,TOT,2266350.46,EXP,374303.6,17.72,31.66
MEX,2017,TOT,TOT,2358275.47,IMP,420764.5,17.2,31.45
MEX,2017,TOT,TOT,2358275.47,EXP,409774.7,17.2,31.45
MEX,2013,WOMEN,TOT,17437.32,IMP,381638.2,27.59,33.81
MEX,2013,MEN,TOT,17437.32,IMP,381638.2,12.76,32.48
MEX,2013,TOT,TOT,17437.32,IMP,381638.2,18.45,32.92
MEX,2013,WOMEN,TOT,17437.32,EXP,380729.1,27.59,33.81
MEX,2013,MEN,TOT,17437.32,EXP,380729.1,12.76,32.48
MEX,2013,TOT,TOT,17437.32,EXP,380729.1,18.45,32.92
MEX,2014,WOMEN,TOT,18140.32,IMP,400439.6,27.53,32.74
MEX,2014,MEN,TOT,18140.32,IMP,400439.6,12.44,31.65
MEX,2014,TOT,TOT,18140.32,IMP,400439.6,18.16,32.18
MEX,2014,WOMEN,TOT,18140.32,EXP,397649.5,27.53,32.74
MEX,2014,MEN,TOT,18140.32,EXP,397649.5,12.44,31.65
MEX,2014,TOT,TOT,18140.32,EXP,397649.5,18.16,32.18
MEX,2015,WOMEN,TOT,17935.41,IMP,395573.4,27.48,32.81
MEX,2015,MEN,TOT,17935.41,IMP,395573.4,12.35,31.69
MEX,2015,TOT,TOT,17935.41,IMP,395573.4,18.11,32.08
MEX,2015,WOMEN,TOT,17935.41,EXP,380976.1,27.48,32.81
MEX,2015,MEN,TOT,17935.41,EXP,380976.1,12.35,31.69
MEX,2015,TOT,TOT,17935.41,EXP,380976.1,18.11,32.08
MEX,2016,WOMEN,TOT,18535.17,IMP,387369.0,26.9,32.69
MEX,2016,MEN,TOT,18535.17,IMP,387369.0,12.03,30.83
MEX,2016,TOT,TOT,18535.17,IMP,387369.0,17.72,31.66
MEX,2016,WOMEN,TOT,18535.17,EXP,374303.6,26.9,32.69
MEX,2016,MEN,TOT,18535.17,EXP,374303.6,12.03,30.83
MEX,2016,TOT,TOT,18535.17,EXP,374303.6,17.72,31.66
MEX,2017,TOT,TOT,19092.57,IMP,420764.5,17.2,31.45
MEX,2017,TOT,TOT,19092.57,EXP,409774.7,17.2,31.45
NLD,2013,WOMEN,TOT,827475.79,IMP,467335.8,61.14,12.24
NLD,2013,MEN,TOT,827475.79,IMP,467335.8,19.15,19.33
NLD,2013,TOT,TOT,827475.79,IMP,467335.8,38.55,16.05
NLD,2013,WOMEN,TOT,827475.79,EXP,567358.8,61.14,12.24
NLD,2013,MEN,TOT,827475.79,EXP,567358.8,19.15,19.33
NLD,2013,TOT,TOT,827475.79,EXP,567358.8,38.55,16.05
NLD,2014,WOMEN,TOT,830318.43,IMP,469337.0,60.64,12.67
NLD,2014,MEN,TOT,830318.43,IMP,469337.0,19.4,19.96
NLD,2014,TOT,TOT,830318.43,IMP,469337.0,38.31,16.62
NLD,2014,WOMEN,TOT,830318.43,EXP,570064.7,60.64,12.67
NLD,2014,MEN,TOT,830318.43,EXP,570064.7,19.4,19.96
NLD,2014,TOT,TOT,830318.43,EXP,570064.7,38.31,16.62
NLD,2015,WOMEN,TOT,847037.24,IMP,391507.4,60.73,13.36
NLD,2015,MEN,TOT,847037.24,IMP,391507.4,19.5,19.82
NLD,2015,TOT,TOT,847037.24,IMP,391507.4,38.52,16.84
NLD,2015,WOMEN,TOT,847037.24,EXP,464109.2,60.73,13.36
NLD,2015,MEN,TOT,847037.24,EXP,464109.2,19.5,19.82
NLD,2015,TOT,TOT,847037.24,EXP,464109.2,38.52,16.84
NLD,2016,WOMEN,TOT,867666.0,IMP,392793.6,59.78,13.24
NLD,2016,MEN,TOT,867666.0,IMP,392793.6,18.7,19.88
NLD,2016,TOT,TOT,867666.0,IMP,392793.6,37.7,16.81
NLD,2016,WOMEN,TOT,867666.0,EXP,465452.4,59.78,13.24
NLD,2016,MEN,TOT,867666.0,EXP,465452.4,18.7,19.88
NLD,2016,TOT,TOT,867666.0,EXP,465452.4,37.7,16.81
NLD,2017,WOMEN,TOT,904291.03,IMP,441054.9,58.7,13.22
NLD,2017,MEN,TOT,904291.03,IMP,441054.9,18.91,19.77
NLD,2017,TOT,TOT,904291.03,IMP,441054.9,37.37,16.73
NLD,2017,WOMEN,TOT,904291.03,EXP,520958.5,58.7,13.22
NLD,2017,MEN,TOT,904291.03,EXP,520958.5,18.91,19.77
NLD,2017,TOT,TOT,904291.03,EXP,520958.5,37.37,16.73
NLD,2013,WOMEN,TOT,49254.51,IMP,467335.8,61.14,12.24
NLD,2013,MEN,TOT,49254.51,IMP,467335.8,19.15,19.33
NLD,2013,TOT,TOT,49254.51,IMP,467335.8,38.55,16.05
NLD,2013,WOMEN,TOT,49254.51,EXP,567358.8,61.14,12.24
NLD,2013,MEN,TOT,49254.51,EXP,567358.8,19.15,19.33
NLD,2013,TOT,TOT,49254.51,EXP,567358.8,38.55,16.05
NLD,2014,WOMEN,TOT,49239.07,IMP,469337.0,60.64,12.67
NLD,2014,MEN,TOT,49239.07,IMP,469337.0,19.4,19.96
NLD,2014,TOT,TOT,49239.07,IMP,469337.0,38.31,16.62
NLD,2014,WOMEN,TOT,49239.07,EXP,570064.7,60.64,12.67
NLD,2014,MEN,TOT,49239.07,EXP,570064.7,19.4,19.96
NLD,2014,TOT,TOT,49239.07,EXP,570064.7,38.31,16.62
NLD,2015,WOMEN,TOT,50028.78,IMP,391507.4,60.73,13.36
NLD,2015,MEN,TOT,50028.78,IMP,391507.4,19.5,19.82
NLD,2015,TOT,TOT,50028.78,IMP,391507.4,38.52,16.84
NLD,2015,WOMEN,TOT,50028.78,EXP,464109.2,60.73,13.36
NLD,2015,MEN,TOT,50028.78,EXP,464109.2,19.5,19.82
NLD,2015,TOT,TOT,50028.78,EXP,464109.2,38.52,16.84
NLD,2016,WOMEN,TOT,50961.24,IMP,392793.6,59.78,13.24
NLD,2016,MEN,TOT,50961.24,IMP,392793.6,18.7,19.88
NLD,2016,TOT,TOT,50961.24,IMP,392793.6,37.7,16.81
NLD,2016,WOMEN,TOT,50961.24,EXP,465452.4,59.78,13.24
NLD,2016,MEN,TOT,50961.24,EXP,465452.4,18.7,19.88
NLD,2016,TOT,TOT,50961.24,EXP,465452.4,37.7,16.81
NLD,2017,WOMEN,TOT,52799.15,IMP,441054.9,58.7,13.22
NLD,2017,MEN,TOT,52799.15,IMP,441054.9,18.91,19.77
NLD,2017,TOT,TOT,52799.15,IMP,441054.9,37.37,16.73
NLD,2017,WOMEN,TOT,52799.15,EXP,520958.5,58.7,13.22
NLD,2017,MEN,TOT,52799.15,EXP,520958.5,18.91,19.77
NLD,2017,TOT,TOT,52799.15,EXP,520958.5,37.37,16.73
NZL,2013,WOMEN,TOT,160890.97,IMP,38644.25,33.54,11.66
NZL,2013,MEN,TOT,160890.97,IMP,38644.25,11.0,18.77
NZL,2013,TOT,TOT,160890.97,IMP,38644.25,21.65,15.4
NZL,2013,WOMEN,TOT,160890.97,EXP,39695.13,33.54,11.66
NZL,2013,MEN,TOT,160890.97,EXP,39695.13,11.0,18.77
NZL,2013,TOT,TOT,160890.97,EXP,39695.13,21.65,15.4
NZL,2014,WOMEN,TOT,168135.58,IMP,40984.78,32.74,11.83
NZL,2014,MEN,TOT,168135.58,IMP,40984.78,11.43,18.34
NZL,2014,TOT,TOT,168135.58,IMP,40984.78,21.5,15.27
NZL,2014,WOMEN,TOT,168135.58,EXP,41948.38,32.74,11.83
NZL,2014,MEN,TOT,168135.58,EXP,41948.38,11.43,18.34
NZL,2014,TOT,TOT,168135.58,EXP,41948.38,21.5,15.27
NZL,2015,WOMEN,TOT,174016.17,IMP,35779.2,32.72,11.5
NZL,2015,MEN,TOT,174016.17,IMP,35779.2,11.16,17.68
NZL,2015,TOT,TOT,174016.17,IMP,35779.2,21.31,14.76
NZL,2015,WOMEN,TOT,174016.17,EXP,34420.23,32.72,11.5
NZL,2015,MEN,TOT,174016.17,EXP,34420.23,11.16,17.68
NZL,2015,TOT,TOT,174016.17,EXP,34420.23,21.31,14.76
NZL,2016,WOMEN,TOT,185217.64,IMP,35532.13,32.11,14.35
NZL,2016,MEN,TOT,185217.64,IMP,35532.13,11.55,21.04
NZL,2016,TOT,TOT,185217.64,IMP,35532.13,21.24,17.89
NZL,2016,WOMEN,TOT,185217.64,EXP,33638.45,32.11,14.35
NZL,2016,MEN,TOT,185217.64,EXP,33638.45,11.55,21.04
NZL,2016,TOT,TOT,185217.64,EXP,33638.45,21.24,17.89
NZL,2017,TOT,TOT,197072.52,IMP,39736.64,21.1,18.54
NZL,2017,TOT,TOT,197072.52,EXP,38192.77,21.1,18.54
NZL,2013,WOMEN,TOT,36074.21,IMP,38644.25,33.54,11.66
NZL,2013,MEN,TOT,36074.21,IMP,38644.25,11.0,18.77
NZL,2013,TOT,TOT,36074.21,IMP,38644.25,21.65,15.4
NZL,2013,WOMEN,TOT,36074.21,EXP,39695.13,33.54,11.66
NZL,2013,MEN,TOT,36074.21,EXP,39695.13,11.0,18.77
NZL,2013,TOT,TOT,36074.21,EXP,39695.13,21.65,15.4
NZL,2014,WOMEN,TOT,37083.28,IMP,40984.78,32.74,11.83
NZL,2014,MEN,TOT,37083.28,IMP,40984.78,11.43,18.34
NZL,2014,TOT,TOT,37083.28,IMP,40984.78,21.5,15.27
NZL,2014,WOMEN,TOT,37083.28,EXP,41948.38,32.74,11.83
NZL,2014,MEN,TOT,37083.28,EXP,41948.38,11.43,18.34
NZL,2014,TOT,TOT,37083.28,EXP,41948.38,21.5,15.27
NZL,2015,WOMEN,TOT,37641.4,IMP,35779.2,32.72,11.5
NZL,2015,MEN,TOT,37641.4,IMP,35779.2,11.16,17.68
NZL,2015,TOT,TOT,37641.4,IMP,35779.2,21.31,14.76
NZL,2015,WOMEN,TOT,37641.4,EXP,34420.23,32.72,11.5
NZL,2015,MEN,TOT,37641.4,EXP,34420.23,11.16,17.68
NZL,2015,TOT,TOT,37641.4,EXP,34420.23,21.31,14.76
NZL,2016,WOMEN,TOT,39241.03,IMP,35532.13,32.11,14.35
NZL,2016,MEN,TOT,39241.03,IMP,35532.13,11.55,21.04
NZL,2016,TOT,TOT,39241.03,IMP,35532.13,21.24,17.89
NZL,2016,WOMEN,TOT,39241.03,EXP,33638.45,32.11,14.35
NZL,2016,MEN,TOT,39241.03,EXP,33638.45,11.55,21.04
NZL,2016,TOT,TOT,39241.03,EXP,33638.45,21.24,17.89
NZL,2017,TOT,TOT,40886.42,IMP,39736.64,21.1,18.54
NZL,2017,TOT,TOT,40886.42,EXP,38192.77,21.1,18.54
NOR,2013,WOMEN,TOT,340619.81,IMP,91628.71,28.76,4.4
NOR,2013,TOT,TOT,340619.81,IMP,91628.71,19.54,6.98
NOR,2013,WOMEN,TOT,340619.81,EXP,155218.4,28.76,4.4
NOR,2013,TOT,TOT,340619.81,EXP,155218.4,19.54,6.98
NOR,2014,TOT,TOT,339136.65,IMP,90744.4,18.8,7.21
NOR,2014,TOT,TOT,339136.65,EXP,143429.7,18.8,7.21
NOR,2015,TOT,TOT,320353.16,IMP,76266.09,19.4,7.02
NOR,2015,TOT,TOT,320353.16,EXP,103627.5,19.4,7.02
NOR,2016,TOT,TOT,307833.65,IMP,73079.46,19.17,6.95
NOR,2016,TOT,TOT,307833.65,EXP,88344.65,19.17,6.95
NOR,2017,TOT,TOT,324403.92,IMP,94975.59,18.84,6.53
NOR,2017,TOT,TOT,324403.92,EXP,103282.9,18.84,6.53
NOR,2013,WOMEN,TOT,67051.14,IMP,91628.71,28.76,4.4
NOR,2013,TOT,TOT,67051.14,IMP,91628.71,19.54,6.98
NOR,2013,WOMEN,TOT,67051.14,EXP,155218.4,28.76,4.4
NOR,2013,TOT,TOT,67051.14,EXP,155218.4,19.54,6.98
NOR,2014,TOT,TOT,66018.42,IMP,90744.4,18.8,7.21
NOR,2014,TOT,TOT,66018.42,EXP,143429.7,18.8,7.21
NOR,2015,TOT,TOT,61713.19,IMP,76266.09,19.4,7.02
NOR,2015,TOT,TOT,61713.19,EXP,103627.5,19.4,7.02
NOR,2016,TOT,TOT,58791.76,IMP,73079.46,19.17,6.95
NOR,2016,TOT,TOT,58791.76,EXP,88344.65,19.17,6.95
NOR,2017,TOT,TOT,61475.07,IMP,94975.59,18.84,6.53
NOR,2017,TOT,TOT,61475.07,EXP,103282.9,18.84,6.53
POL,2013,WOMEN,TOT,940325.26,IMP,198468.1,11.79,18.44
POL,2013,MEN,TOT,940325.26,IMP,198468.1,4.47,24.55
POL,2013,TOT,TOT,940325.26,IMP,198468.1,7.72,21.83
POL,2013,WOMEN,TOT,940325.26,EXP,198042.5,11.79,18.44
POL,2013,MEN,TOT,940325.26,EXP,198042.5,4.47,24.55
POL,2013,TOT,TOT,940325.26,EXP,198042.5,7.72,21.83
POL,2014,WOMEN,TOT,973192.27,IMP,214796.4,10.67,17.73
POL,2014,MEN,TOT,973192.27,IMP,214796.4,4.23,24.28
POL,2014,TOT,TOT,973192.27,IMP,214796.4,7.1,21.35
POL,2014,WOMEN,TOT,973192.27,EXP,210474.0,10.67,17.73
POL,2014,MEN,TOT,973192.27,EXP,210474.0,4.23,24.28
POL,2014,TOT,TOT,973192.27,EXP,210474.0,7.1,21.35
POL,2015,WOMEN,TOT,1010239.16,IMP,188558.9,9.57,17.63
POL,2015,MEN,TOT,1010239.16,IMP,188558.9,3.84,24.16
POL,2015,TOT,TOT,1010239.16,IMP,188558.9,6.41,21.23
POL,2015,WOMEN,TOT,1010239.16,EXP,191032.5,9.57,17.63
POL,2015,MEN,TOT,1010239.16,EXP,191032.5,3.84,24.16
POL,2015,TOT,TOT,1010239.16,EXP,191032.5,6.41,21.23
POL,2016,WOMEN,TOT,1039649.87,IMP,193033.3,9.05,16.84
POL,2016,MEN,TOT,1039649.87,IMP,193033.3,3.44,23.87
POL,2016,TOT,TOT,1039649.87,IMP,193033.3,5.95,20.72
POL,2016,WOMEN,TOT,1039649.87,EXP,196287.2,9.05,16.84
POL,2016,MEN,TOT,1039649.87,EXP,196287.2,3.44,23.87
POL,2016,TOT,TOT,1039649.87,EXP,196287.2,5.95,20.72
POL,2017,WOMEN,TOT,1102182.54,IMP,223004.2,9.46,16.1
POL,2017,MEN,TOT,1102182.54,IMP,223004.2,3.36,23.92
POL,2017,TOT,TOT,1102182.54,IMP,223004.2,6.09,20.41
POL,2017,WOMEN,TOT,1102182.54,EXP,223941.1,9.46,16.1
POL,2017,MEN,TOT,1102182.54,EXP,223941.1,3.36,23.92
POL,2017,TOT,TOT,1102182.54,EXP,223941.1,6.09,20.41
POL,2013,WOMEN,TOT,24422.76,IMP,198468.1,11.79,18.44
POL,2013,MEN,TOT,24422.76,IMP,198468.1,4.47,24.55
POL,2013,TOT,TOT,24422.76,IMP,198468.1,7.72,21.83
POL,2013,WOMEN,TOT,24422.76,EXP,198042.5,11.79,18.44
POL,2013,MEN,TOT,24422.76,EXP,198042.5,4.47,24.55
POL,2013,TOT,TOT,24422.76,EXP,198042.5,7.72,21.83
POL,2014,WOMEN,TOT,25288.23,IMP,214796.4,10.67,17.73
POL,2014,MEN,TOT,25288.23,IMP,214796.4,4.23,24.28
POL,2014,TOT,TOT,25288.23,IMP,214796.4,7.1,21.35
POL,2014,WOMEN,TOT,25288.23,EXP,210474.0,10.67,17.73
POL,2014,MEN,TOT,25288.23,EXP,210474.0,4.23,24.28
POL,2014,TOT,TOT,25288.23,EXP,210474.0,7.1,21.35
POL,2015,WOMEN,TOT,26270.68,IMP,188558.9,9.57,17.63
POL,2015,MEN,TOT,26270.68,IMP,188558.9,3.84,24.16
POL,2015,TOT,TOT,26270.68,IMP,188558.9,6.41,21.23
POL,2015,WOMEN,TOT,26270.68,EXP,191032.5,9.57,17.63
POL,2015,MEN,TOT,26270.68,EXP,191032.5,3.84,24.16
POL,2015,TOT,TOT,26270.68,EXP,191032.5,6.41,21.23
POL,2016,WOMEN,TOT,27055.19,IMP,193033.3,9.05,16.84
POL,2016,MEN,TOT,27055.19,IMP,193033.3,3.44,23.87
POL,2016,TOT,TOT,27055.19,IMP,193033.3,5.95,20.72
POL,2016,WOMEN,TOT,27055.19,EXP,196287.2,9.05,16.84
POL,2016,MEN,TOT,27055.19,EXP,196287.2,3.44,23.87
POL,2016,TOT,TOT,27055.19,EXP,196287.2,5.95,20.72
POL,2017,WOMEN,TOT,28686.24,IMP,223004.2,9.46,16.1
POL,2017,MEN,TOT,28686.24,IMP,223004.2,3.36,23.92
POL,2017,TOT,TOT,28686.24,IMP,223004.2,6.09,20.41
POL,2017,WOMEN,TOT,28686.24,EXP,223941.1,9.46,16.1
POL,2017,MEN,TOT,28686.24,EXP,223941.1,3.36,23.92
POL,2017,TOT,TOT,28686.24,EXP,223941.1,6.09,20.41
PRT,2013,WOMEN,TOT,291753.19,IMP,72328.65,14.13,17.44
PRT,2013,MEN,TOT,291753.19,IMP,72328.65,9.92,26.15
PRT,2013,TOT,TOT,291753.19,IMP,72328.65,11.99,21.94
PRT,2013,WOMEN,TOT,291753.19,EXP,61727.26,14.13,17.44
PRT,2013,MEN,TOT,291753.19,EXP,61727.26,9.92,26.15
PRT,2013,TOT,TOT,291753.19,EXP,61727.26,11.99,21.94
PRT,2014,WOMEN,TOT,298995.49,IMP,75339.48,12.87,14.86
PRT,2014,MEN,TOT,298995.49,IMP,75339.48,9.12,24.34
PRT,2014,TOT,TOT,298995.49,IMP,75339.48,10.97,19.75
PRT,2014,WOMEN,TOT,298995.49,EXP,62752.16,12.87,14.86
PRT,2014,MEN,TOT,298995.49,EXP,62752.16,9.12,24.34
PRT,2014,TOT,TOT,298995.49,EXP,62752.16,10.97,19.75
PRT,2015,WOMEN,TOT,305898.81,IMP,64859.83,12.62,13.91
PRT,2015,MEN,TOT,305898.81,IMP,64859.83,8.49,22.7
PRT,2015,TOT,TOT,305898.81,IMP,64859.83,10.53,18.42
PRT,2015,WOMEN,TOT,305898.81,EXP,54270.24,12.62,13.91
PRT,2015,MEN,TOT,305898.81,EXP,54270.24,8.49,22.7
PRT,2015,TOT,TOT,305898.81,EXP,54270.24,10.53,18.42
PRT,2016,WOMEN,TOT,316563.99,IMP,64967.6,11.46,13.39
PRT,2016,MEN,TOT,316563.99,IMP,64967.6,6.79,21.92
PRT,2016,TOT,TOT,316563.99,IMP,64967.6,9.12,17.76
PRT,2016,WOMEN,TOT,316563.99,EXP,54301.67,11.46,13.39
PRT,2016,MEN,TOT,316563.99,EXP,54301.67,6.79,21.92
PRT,2016,TOT,TOT,316563.99,EXP,54301.67,9.12,17.76
PRT,2017,WOMEN,TOT,326030.08,IMP,74571.6,10.97,12.68
PRT,2017,MEN,TOT,326030.08,IMP,74571.6,6.12,21.06
PRT,2017,TOT,TOT,326030.08,IMP,74571.6,8.53,16.98
PRT,2017,WOMEN,TOT,326030.08,EXP,60923.87,10.97,12.68
PRT,2017,MEN,TOT,326030.08,EXP,60923.87,6.12,21.06
PRT,2017,TOT,TOT,326030.08,EXP,60923.87,8.53,16.98
PRT,2013,WOMEN,TOT,27899.48,IMP,72328.65,14.13,17.44
PRT,2013,MEN,TOT,27899.48,IMP,72328.65,9.92,26.15
PRT,2013,TOT,TOT,27899.48,IMP,72328.65,11.99,21.94
PRT,2013,WOMEN,TOT,27899.48,EXP,61727.26,14.13,17.44
PRT,2013,MEN,TOT,27899.48,EXP,61727.26,9.92,26.15
PRT,2013,TOT,TOT,27899.48,EXP,61727.26,11.99,21.94
PRT,2014,WOMEN,TOT,28746.53,IMP,75339.48,12.87,14.86
PRT,2014,MEN,TOT,28746.53,IMP,75339.48,9.12,24.34
PRT,2014,TOT,TOT,28746.53,IMP,75339.48,10.97,19.75
PRT,2014,WOMEN,TOT,28746.53,EXP,62752.16,12.87,14.86
PRT,2014,MEN,TOT,28746.53,EXP,62752.16,9.12,24.34
PRT,2014,TOT,TOT,28746.53,EXP,62752.16,10.97,19.75
PRT,2015,WOMEN,TOT,29532.33,IMP,64859.83,12.62,13.91
PRT,2015,MEN,TOT,29532.33,IMP,64859.83,8.49,22.7
PRT,2015,TOT,TOT,29532.33,IMP,64859.83,10.53,18.42
PRT,2015,WOMEN,TOT,29532.33,EXP,54270.24,12.62,13.91
PRT,2015,MEN,TOT,29532.33,EXP,54270.24,8.49,22.7
PRT,2015,TOT,TOT,29532.33,EXP,54270.24,10.53,18.42
PRT,2016,WOMEN,TOT,30658.47,IMP,64967.6,11.46,13.39
PRT,2016,MEN,TOT,30658.47,IMP,64967.6,6.79,21.92
PRT,2016,TOT,TOT,30658.47,IMP,64967.6,9.12,17.76
PRT,2016,WOMEN,TOT,30658.47,EXP,54301.67,11.46,13.39
PRT,2016,MEN,TOT,30658.47,EXP,54301.67,6.79,21.92
PRT,2016,TOT,TOT,30658.47,EXP,54301.67,9.12,17.76
PRT,2017,WOMEN,TOT,31652.48,IMP,74571.6,10.97,12.68
PRT,2017,MEN,TOT,31652.48,IMP,74571.6,6.12,21.06
PRT,2017,TOT,TOT,31652.48,IMP,74571.6,8.53,16.98
PRT,2017,WOMEN,TOT,31652.48,EXP,60923.87,10.97,12.68
PRT,2017,MEN,TOT,31652.48,EXP,60923.87,6.12,21.06
PRT,2017,TOT,TOT,31652.48,EXP,60923.87,8.53,16.98
SVK,2015,TOT,TOT,160121.67,IMP,70554.31,5.72,15.15
SVK,2015,TOT,TOT,160121.67,EXP,71718.1,5.72,15.15
SVK,2015,TOT,TOT,29529.98,IMP,70554.31,5.72,15.15
SVK,2015,TOT,TOT,29529.98,EXP,71718.1,5.72,15.15
ESP,2013,WOMEN,TOT,1519995.3,IMP,331291.3,23.43,13.06
ESP,2013,MEN,TOT,1519995.3,IMP,331291.3,7.27,21.89
ESP,2013,TOT,TOT,1519995.3,IMP,331291.3,14.73,17.86
ESP,2013,WOMEN,TOT,1519995.3,EXP,312691.8,23.43,13.06
ESP,2013,MEN,TOT,1519995.3,EXP,312691.8,7.27,21.89
ESP,2013,TOT,TOT,1519995.3,EXP,312691.8,14.73,17.86
ESP,2014,WOMEN,TOT,1566855.24,IMP,346993.1,23.57,12.96
ESP,2014,MEN,TOT,1566855.24,IMP,346993.1,7.11,21.47
ESP,2014,TOT,TOT,1566855.24,IMP,346993.1,14.71,17.59
ESP,2014,WOMEN,TOT,1566855.24,EXP,317515.7,23.57,12.96
ESP,2014,MEN,TOT,1566855.24,EXP,317515.7,7.11,21.47
ESP,2014,TOT,TOT,1566855.24,EXP,317515.7,14.71,17.59
ESP,2015,WOMEN,TOT,1617121.93,IMP,302088.3,23.08,12.81
ESP,2015,MEN,TOT,1617121.93,IMP,302088.3,7.15,20.99
ESP,2015,TOT,TOT,1617121.93,IMP,302088.3,14.47,17.28
ESP,2015,WOMEN,TOT,1617121.93,EXP,277346.0,23.08,12.81
ESP,2015,MEN,TOT,1617121.93,EXP,277346.0,7.15,20.99
ESP,2015,TOT,TOT,1617121.93,EXP,277346.0,14.47,17.28
ESP,2016,WOMEN,TOT,1687612.99,IMP,300044.8,22.33,12.72
ESP,2016,MEN,TOT,1687612.99,IMP,300044.8,7.12,20.46
ESP,2016,TOT,TOT,1687612.99,IMP,300044.8,14.13,16.94
ESP,2016,WOMEN,TOT,1687612.99,EXP,280776.5,22.33,12.72
ESP,2016,MEN,TOT,1687612.99,EXP,280776.5,7.12,20.46
ESP,2016,TOT,TOT,1687612.99,EXP,280776.5,14.13,16.94
ESP,2017,WOMEN,TOT,1769635.78,IMP,338211.7,22.06,12.17
ESP,2017,MEN,TOT,1769635.78,IMP,338211.7,6.68,20.08
ESP,2017,TOT,TOT,1769635.78,IMP,338211.7,13.77,16.48
ESP,2017,WOMEN,TOT,1769635.78,EXP,313457.1,22.06,12.17
ESP,2017,MEN,TOT,1769635.78,EXP,313457.1,6.68,20.08
ESP,2017,TOT,TOT,1769635.78,EXP,313457.1,13.77,16.48
ESP,2013,WOMEN,TOT,32622.66,IMP,331291.3,23.43,13.06
ESP,2013,MEN,TOT,32622.66,IMP,331291.3,7.27,21.89
ESP,2013,TOT,TOT,32622.66,IMP,331291.3,14.73,17.86
ESP,2013,WOMEN,TOT,32622.66,EXP,312691.8,23.43,13.06
ESP,2013,MEN,TOT,32622.66,EXP,312691.8,7.27,21.89
ESP,2013,TOT,TOT,32622.66,EXP,312691.8,14.73,17.86
ESP,2014,WOMEN,TOT,33728.36,IMP,346993.1,23.57,12.96
ESP,2014,MEN,TOT,33728.36,IMP,346993.1,7.11,21.47
ESP,2014,TOT,TOT,33728.36,IMP,346993.1,14.71,17.59
ESP,2014,WOMEN,TOT,33728.36,EXP,317515.7,23.57,12.96
ESP,2014,MEN,TOT,33728.36,EXP,317515.7,7.11,21.47
ESP,2014,TOT,TOT,33728.36,EXP,317515.7,14.71,17.59
ESP,2015,WOMEN,TOT,34844.14,IMP,302088.3,23.08,12.81
ESP,2015,MEN,TOT,34844.14,IMP,302088.3,7.15,20.99
ESP,2015,TOT,TOT,34844.14,IMP,302088.3,14.47,17.28
ESP,2015,WOMEN,TOT,34844.14,EXP,277346.0,23.08,12.81
ESP,2015,MEN,TOT,34844.14,EXP,277346.0,7.15,20.99
ESP,2015,TOT,TOT,34844.14,EXP,277346.0,14.47,17.28
ESP,2016,WOMEN,TOT,36331.53,IMP,300044.8,22.33,12.72
ESP,2016,MEN,TOT,36331.53,IMP,300044.8,7.12,20.46
ESP,2016,TOT,TOT,36331.53,IMP,300044.8,14.13,16.94
ESP,2016,WOMEN,TOT,36331.53,EXP,280776.5,22.33,12.72
ESP,2016,MEN,TOT,36331.53,EXP,280776.5,7.12,20.46
ESP,2016,TOT,TOT,36331.53,EXP,280776.5,14.13,16.94
ESP,2017,WOMEN,TOT,38016.59,IMP,338211.7,22.06,12.17
ESP,2017,MEN,TOT,38016.59,IMP,338211.7,6.68,20.08
ESP,2017,TOT,TOT,38016.59,IMP,338211.7,13.77,16.48
ESP,2017,WOMEN,TOT,38016.59,EXP,313457.1,22.06,12.17
ESP,2017,MEN,TOT,38016.59,EXP,313457.1,6.68,20.08
ESP,2017,TOT,TOT,38016.59,EXP,313457.1,13.77,16.48
SWE,2013,WOMEN,TOT,438479.77,IMP,160053.6,18.39,6.22
SWE,2013,MEN,TOT,438479.77,IMP,160053.6,10.57,14.55
SWE,2013,TOT,TOT,438479.77,IMP,160053.6,14.29,10.59
SWE,2013,WOMEN,TOT,438479.77,EXP,178629.8,18.39,6.22
SWE,2013,MEN,TOT,438479.77,EXP,178629.8,10.57,14.55
SWE,2013,TOT,TOT,438479.77,EXP,178629.8,14.29,10.59
SWE,2014,WOMEN,TOT,451103.59,IMP,161965.7,18.29,6.2
SWE,2014,MEN,TOT,451103.59,IMP,161965.7,10.54,14.08
SWE,2014,TOT,TOT,451103.59,IMP,161965.7,14.22,10.33
SWE,2014,WOMEN,TOT,451103.59,EXP,179357.5,18.29,6.2
SWE,2014,MEN,TOT,451103.59,EXP,179357.5,10.54,14.08
SWE,2014,TOT,TOT,451103.59,EXP,179357.5,14.22,10.33
SWE,2015,WOMEN,TOT,469295.54,IMP,138605.3,18.0,6.23
SWE,2015,MEN,TOT,469295.54,IMP,138605.3,10.62,13.93
SWE,2015,TOT,TOT,469295.54,IMP,138605.3,14.14,10.25
SWE,2015,WOMEN,TOT,469295.54,EXP,152403.9,18.0,6.23
SWE,2015,MEN,TOT,469295.54,EXP,152403.9,10.62,13.93
SWE,2015,TOT,TOT,469295.54,EXP,152403.9,14.14,10.25
SWE,2016,WOMEN,TOT,485284.05,IMP,140348.7,17.83,6.12
SWE,2016,MEN,TOT,485284.05,IMP,140348.7,10.11,13.54
SWE,2016,TOT,TOT,485284.05,IMP,140348.7,13.8,9.99
SWE,2016,WOMEN,TOT,485284.05,EXP,152298.2,17.83,6.12
SWE,2016,MEN,TOT,485284.05,EXP,152298.2,10.11,13.54
SWE,2016,TOT,TOT,485284.05,EXP,152298.2,13.8,9.99
SWE,2017,WOMEN,TOT,505482.93,IMP,152987.2,17.51,5.78
SWE,2017,MEN,TOT,505482.93,IMP,152987.2,10.44,13.57
SWE,2017,TOT,TOT,505482.93,IMP,152987.2,13.81,9.86
SWE,2017,WOMEN,TOT,505482.93,EXP,165419.1,17.51,5.78
SWE,2017,MEN,TOT,505482.93,EXP,165419.1,10.44,13.57
SWE,2017,TOT,TOT,505482.93,EXP,165419.1,13.81,9.86
SWE,2013,WOMEN,TOT,45673.07,IMP,160053.6,18.39,6.22
SWE,2013,MEN,TOT,45673.07,IMP,160053.6,10.57,14.55
SWE,2013,TOT,TOT,45673.07,IMP,160053.6,14.29,10.59
SWE,2013,WOMEN,TOT,45673.07,EXP,178629.8,18.39,6.22
SWE,2013,MEN,TOT,45673.07,EXP,178629.8,10.57,14.55
SWE,2013,TOT,TOT,45673.07,EXP,178629.8,14.29,10.59
SWE,2014,WOMEN,TOT,46524.23,IMP,161965.7,18.29,6.2
SWE,2014,MEN,TOT,46524.23,IMP,161965.7,10.54,14.08
SWE,2014,TOT,TOT,46524.23,IMP,161965.7,14.22,10.33
SWE,2014,WOMEN,TOT,46524.23,EXP,179357.5,18.29,6.2
SWE,2014,MEN,TOT,46524.23,EXP,179357.5,10.54,14.08
SWE,2014,TOT,TOT,46524.23,EXP,179357.5,14.22,10.33
SWE,2015,WOMEN,TOT,47891.21,IMP,138605.3,18.0,6.23
SWE,2015,MEN,TOT,47891.21,IMP,138605.3,10.62,13.93
SWE,2015,TOT,TOT,47891.21,IMP,138605.3,14.14,10.25
SWE,2015,WOMEN,TOT,47891.21,EXP,152403.9,18.0,6.23
SWE,2015,MEN,TOT,47891.21,EXP,152403.9,10.62,13.93
SWE,2015,TOT,TOT,47891.21,EXP,152403.9,14.14,10.25
SWE,2016,WOMEN,TOT,48853.28,IMP,140348.7,17.83,6.12
SWE,2016,MEN,TOT,48853.28,IMP,140348.7,10.11,13.54
SWE,2016,TOT,TOT,48853.28,IMP,140348.7,13.8,9.99
SWE,2016,WOMEN,TOT,48853.28,EXP,152298.2,17.83,6.12
SWE,2016,MEN,TOT,48853.28,EXP,152298.2,10.11,13.54
SWE,2016,TOT,TOT,48853.28,EXP,152298.2,13.8,9.99
SWE,2017,WOMEN,TOT,50178.98,IMP,152987.2,17.51,5.78
SWE,2017,MEN,TOT,50178.98,IMP,152987.2,10.44,13.57
SWE,2017,TOT,TOT,50178.98,IMP,152987.2,13.81,9.86
SWE,2017,WOMEN,TOT,50178.98,EXP,165419.1,17.51,5.78
SWE,2017,MEN,TOT,50178.98,EXP,165419.1,10.44,13.57
SWE,2017,TOT,TOT,50178.98,EXP,165419.1,13.81,9.86
CHE,2013,WOMEN,TOT,486238.75,IMP,319995.7,45.74,12.98
CHE,2013,MEN,TOT,486238.75,IMP,319995.7,9.76,17.34
CHE,2013,TOT,TOT,486238.75,IMP,319995.7,26.35,15.33
CHE,2013,WOMEN,TOT,486238.75,EXP,373362.7,45.74,12.98
CHE,2013,MEN,TOT,486238.75,EXP,373362.7,9.76,17.34
CHE,2013,TOT,TOT,486238.75,EXP,373362.7,26.35,15.33
CHE,2014,WOMEN,TOT,506895.04,IMP,274062.9,45.6,13.03
CHE,2014,MEN,TOT,506895.04,IMP,274062.9,10.77,17.2
CHE,2014,TOT,TOT,506895.04,IMP,274062.9,26.92,15.27
CHE,2014,WOMEN,TOT,506895.04,EXP,329635.1,45.6,13.03
CHE,2014,MEN,TOT,506895.04,EXP,329635.1,10.77,17.2
CHE,2014,TOT,TOT,506895.04,EXP,329635.1,26.92,15.27
CHE,2015,WOMEN,TOT,527160.45,IMP,249714.3,44.96,13.07
CHE,2015,MEN,TOT,527160.45,IMP,249714.3,10.86,16.42
CHE,2015,TOT,TOT,527160.45,IMP,249714.3,26.75,14.87
CHE,2015,WOMEN,TOT,527160.45,EXP,303258.0,44.96,13.07
CHE,2015,MEN,TOT,527160.45,EXP,303258.0,10.86,16.42
CHE,2015,TOT,TOT,527160.45,EXP,303258.0,26.75,14.87
CHE,2016,WOMEN,TOT,534902.66,IMP,266418.3,43.66,13.0
CHE,2016,MEN,TOT,534902.66,IMP,266418.3,10.43,16.85
CHE,2016,TOT,TOT,534902.66,IMP,266418.3,25.95,15.06
CHE,2016,WOMEN,TOT,534902.66,EXP,315920.5,43.66,13.0
CHE,2016,MEN,TOT,534902.66,EXP,315920.5,10.43,16.85
CHE,2016,TOT,TOT,534902.66,EXP,315920.5,25.95,15.06
CHE,2017,WOMEN,TOT,547854.06,IMP,264384.5,44.57,12.81
CHE,2017,MEN,TOT,547854.06,IMP,264384.5,11.2,16.63
CHE,2017,TOT,TOT,547854.06,IMP,264384.5,26.7,14.86
CHE,2017,WOMEN,TOT,547854.06,EXP,313525.4,44.57,12.81
CHE,2017,MEN,TOT,547854.06,EXP,313525.4,11.2,16.63
CHE,2017,TOT,TOT,547854.06,EXP,313525.4,26.7,14.86
CHE,2013,WOMEN,TOT,60108.54,IMP,319995.7,45.74,12.98
CHE,2013,MEN,TOT,60108.54,IMP,319995.7,9.76,17.34
CHE,2013,TOT,TOT,60108.54,IMP,319995.7,26.35,15.33
CHE,2013,WOMEN,TOT,60108.54,EXP,373362.7,45.74,12.98
CHE,2013,MEN,TOT,60108.54,EXP,373362.7,9.76,17.34
CHE,2013,TOT,TOT,60108.54,EXP,373362.7,26.35,15.33
CHE,2014,WOMEN,TOT,61902.16,IMP,274062.9,45.6,13.03
CHE,2014,MEN,TOT,61902.16,IMP,274062.9,10.77,17.2
CHE,2014,TOT,TOT,61902.16,IMP,274062.9,26.92,15.27
CHE,2014,WOMEN,TOT,61902.16,EXP,329635.1,45.6,13.03
CHE,2014,MEN,TOT,61902.16,EXP,329635.1,10.77,17.2
CHE,2014,TOT,TOT,61902.16,EXP,329635.1,26.92,15.27
CHE,2015,WOMEN,TOT,63648.3,IMP,249714.3,44.96,13.07
CHE,2015,MEN,TOT,63648.3,IMP,249714.3,10.86,16.42
CHE,2015,TOT,TOT,63648.3,IMP,249714.3,26.75,14.87
CHE,2015,WOMEN,TOT,63648.3,EXP,303258.0,44.96,13.07
CHE,2015,MEN,TOT,63648.3,EXP,303258.0,10.86,16.42
CHE,2015,TOT,TOT,63648.3,EXP,303258.0,26.75,14.87
CHE,2016,WOMEN,TOT,63888.71,IMP,266418.3,43.66,13.0
CHE,2016,MEN,TOT,63888.71,IMP,266418.3,10.43,16.85
CHE,2016,TOT,TOT,63888.71,IMP,266418.3,25.95,15.06
CHE,2016,WOMEN,TOT,63888.71,EXP,315920.5,43.66,13.0
CHE,2016,MEN,TOT,63888.71,EXP,315920.5,10.43,16.85
CHE,2016,TOT,TOT,63888.71,EXP,315920.5,25.95,15.06
CHE,2017,WOMEN,TOT,64834.8,IMP,264384.5,44.57,12.81
CHE,2017,MEN,TOT,64834.8,IMP,264384.5,11.2,16.63
CHE,2017,TOT,TOT,64834.8,IMP,264384.5,26.7,14.86
CHE,2017,WOMEN,TOT,64834.8,EXP,313525.4,44.57,12.81
CHE,2017,MEN,TOT,64834.8,EXP,313525.4,11.2,16.63
CHE,2017,TOT,TOT,64834.8,EXP,313525.4,26.7,14.86
TUR,2013,WOMEN,TOT,1690856.09,IMP,241706.3,24.54,43.42
TUR,2013,MEN,TOT,1690856.09,IMP,241706.3,7.01,32.72
TUR,2013,TOT,TOT,1690856.09,IMP,241706.3,12.26,35.93
TUR,2013,WOMEN,TOT,1690856.09,EXP,161785.8,24.54,43.42
TUR,2013,MEN,TOT,1690856.09,EXP,161785.8,7.01,32.72
TUR,2013,TOT,TOT,1690856.09,EXP,161785.8,12.26,35.93
TUR,2014,WOMEN,TOT,1851026.0,IMP,232518.8,20.64,39.77
TUR,2014,MEN,TOT,1851026.0,IMP,232518.8,6.39,31.48
TUR,2014,TOT,TOT,1851026.0,IMP,232518.8,10.61,33.94
TUR,2014,WOMEN,TOT,1851026.0,EXP,168925.8,20.64,39.77
TUR,2014,MEN,TOT,1851026.0,EXP,168925.8,6.39,31.48
TUR,2014,TOT,TOT,1851026.0,EXP,168925.8,10.61,33.94
TUR,2015,WOMEN,TOT,1944645.92,IMP,200086.5,19.0,38.19
TUR,2015,MEN,TOT,1944645.92,IMP,200086.5,5.92,30.55
TUR,2015,TOT,TOT,1944645.92,IMP,200086.5,9.88,32.86
TUR,2015,WOMEN,TOT,1944645.92,EXP,151972.2,19.0,38.19
TUR,2015,MEN,TOT,1944645.92,EXP,151972.2,5.92,30.55
TUR,2015,TOT,TOT,1944645.92,EXP,151972.2,9.88,32.86
TUR,2016,WOMEN,TOT,2007466.27,IMP,191019.8,17.77,36.54
TUR,2016,MEN,TOT,2007466.27,IMP,191019.8,5.8,30.65
TUR,2016,TOT,TOT,2007466.27,IMP,191019.8,9.45,32.45
TUR,2016,WOMEN,TOT,2007466.27,EXP,150165.8,17.77,36.54
TUR,2016,MEN,TOT,2007466.27,EXP,150165.8,5.8,30.65
TUR,2016,TOT,TOT,2007466.27,EXP,150165.8,9.45,32.45
TUR,2017,WOMEN,TOT,2140141.69,IMP,225111.9,17.87,36.56
TUR,2017,MEN,TOT,2140141.69,IMP,225111.9,5.89,31.02
TUR,2017,TOT,TOT,2140141.69,IMP,225111.9,9.6,32.73
TUR,2017,WOMEN,TOT,2140141.69,EXP,166164.5,17.87,36.56
TUR,2017,MEN,TOT,2140141.69,EXP,166164.5,5.89,31.02
TUR,2017,TOT,TOT,2140141.69,EXP,166164.5,9.6,32.73
TUR,2013,WOMEN,TOT,22314.4,IMP,241706.3,24.54,43.42
TUR,2013,MEN,TOT,22314.4,IMP,241706.3,7.01,32.72
TUR,2013,TOT,TOT,22314.4,IMP,241706.3,12.26,35.93
TUR,2013,WOMEN,TOT,22314.4,EXP,161785.8,24.54,43.42
TUR,2013,MEN,TOT,22314.4,EXP,161785.8,7.01,32.72
TUR,2013,TOT,TOT,22314.4,EXP,161785.8,12.26,35.93
TUR,2014,WOMEN,TOT,24158.81,IMP,232518.8,20.64,39.77
TUR,2014,MEN,TOT,24158.81,IMP,232518.8,6.39,31.48
TUR,2014,TOT,TOT,24158.81,IMP,232518.8,10.61,33.94
TUR,2014,WOMEN,TOT,24158.81,EXP,168925.8,20.64,39.77
TUR,2014,MEN,TOT,24158.81,EXP,168925.8,6.39,31.48
TUR,2014,TOT,TOT,24158.81,EXP,168925.8,10.61,33.94
TUR,2015,WOMEN,TOT,25111.78,IMP,200086.5,19.0,38.19
TUR,2015,MEN,TOT,25111.78,IMP,200086.5,5.92,30.55
TUR,2015,TOT,TOT,25111.78,IMP,200086.5,9.88,32.86
TUR,2015,WOMEN,TOT,25111.78,EXP,151972.2,19.0,38.19
TUR,2015,MEN,TOT,25111.78,EXP,151972.2,5.92,30.55
TUR,2015,TOT,TOT,25111.78,EXP,151972.2,9.88,32.86
TUR,2016,WOMEN,TOT,25655.47,IMP,191019.8,17.77,36.54
TUR,2016,MEN,TOT,25655.47,IMP,191019.8,5.8,30.65
TUR,2016,TOT,TOT,25655.47,IMP,191019.8,9.45,32.45
TUR,2016,WOMEN,TOT,25655.47,EXP,150165.8,17.77,36.54
TUR,2016,MEN,TOT,25655.47,EXP,150165.8,5.8,30.65
TUR,2016,TOT,TOT,25655.47,EXP,150165.8,9.45,32.45
TUR,2017,WOMEN,TOT,27077.72,IMP,225111.9,17.87,36.56
TUR,2017,MEN,TOT,27077.72,IMP,225111.9,5.89,31.02
TUR,2017,TOT,TOT,27077.72,IMP,225111.9,9.6,32.73
TUR,2017,WOMEN,TOT,27077.72,EXP,166164.5,17.87,36.56
TUR,2017,MEN,TOT,27077.72,EXP,166164.5,5.89,31.02
TUR,2017,TOT,TOT,27077.72,EXP,166164.5,9.6,32.73
GBR,2013,WOMEN,TOT,2533408.31,IMP,655541.8,38.72,9.8
GBR,2013,MEN,TOT,2533408.31,IMP,655541.8,12.16,18.78
GBR,2013,TOT,TOT,2533408.31,IMP,655541.8,24.64,14.58
GBR,2013,WOMEN,TOT,2533408.31,EXP,469546.0,38.72,9.8
GBR,2013,MEN,TOT,2533408.31,EXP,469546.0,12.16,18.78
GBR,2013,TOT,TOT,2533408.31,EXP,469546.0,24.64,14.58
GBR,2014,WOMEN,TOT,2640578.63,IMP,683588.4,38.05,10.48
GBR,2014,MEN,TOT,2640578.63,IMP,683588.4,11.74,19.39
GBR,2014,TOT,TOT,2640578.63,IMP,683588.4,24.1,15.22
GBR,2014,WOMEN,TOT,2640578.63,EXP,482603.5,38.05,10.48
GBR,2014,MEN,TOT,2640578.63,EXP,482603.5,11.74,19.39
GBR,2014,TOT,TOT,2640578.63,EXP,482603.5,24.1,15.22
GBR,2015,WOMEN,TOT,2718230.51,IMP,618127.4,37.67,10.4
GBR,2015,MEN,TOT,2718230.51,IMP,618127.4,11.86,19.0
GBR,2015,TOT,TOT,2718230.51,IMP,618127.4,23.97,14.98
GBR,2015,WOMEN,TOT,2718230.51,EXP,438126.4,37.67,10.4
GBR,2015,MEN,TOT,2718230.51,EXP,438126.4,11.86,19.0
GBR,2015,TOT,TOT,2718230.51,EXP,438126.4,23.97,14.98
GBR,2016,WOMEN,TOT,2806914.75,IMP,582662.0,37.5,10.86
GBR,2016,MEN,TOT,2806914.75,IMP,582662.0,11.65,19.44
GBR,2016,TOT,TOT,2806914.75,IMP,582662.0,23.81,15.43
GBR,2016,WOMEN,TOT,2806914.75,EXP,403633.0,37.5,10.86
GBR,2016,MEN,TOT,2806914.75,EXP,403633.0,11.65,19.44
GBR,2016,TOT,TOT,2806914.75,EXP,403633.0,23.81,15.43
GBR,2017,WOMEN,TOT,2860929.42,IMP,613367.1,36.95,11.0
GBR,2017,MEN,TOT,2860929.42,IMP,613367.1,11.46,19.22
GBR,2017,TOT,TOT,2860929.42,IMP,613367.1,23.5,15.36
GBR,2017,WOMEN,TOT,2860929.42,EXP,436372.1,36.95,11.0
GBR,2017,MEN,TOT,2860929.42,EXP,436372.1,11.46,19.22
GBR,2017,TOT,TOT,2860929.42,EXP,436372.1,23.5,15.36
GBR,2013,WOMEN,TOT,39519.05,IMP,655541.8,38.72,9.8
GBR,2013,MEN,TOT,39519.05,IMP,655541.8,12.16,18.78
GBR,2013,TOT,TOT,39519.05,IMP,655541.8,24.64,14.58
GBR,2013,WOMEN,TOT,39519.05,EXP,469546.0,38.72,9.8
GBR,2013,MEN,TOT,39519.05,EXP,469546.0,12.16,18.78
GBR,2013,TOT,TOT,39519.05,EXP,469546.0,24.64,14.58
GBR,2014,WOMEN,TOT,40877.73,IMP,683588.4,38.05,10.48
GBR,2014,MEN,TOT,40877.73,IMP,683588.4,11.74,19.39
GBR,2014,TOT,TOT,40877.73,IMP,683588.4,24.1,15.22
GBR,2014,WOMEN,TOT,40877.73,EXP,482603.5,38.05,10.48
GBR,2014,MEN,TOT,40877.73,EXP,482603.5,11.74,19.39
GBR,2014,TOT,TOT,40877.73,EXP,482603.5,24.1,15.22
GBR,2015,WOMEN,TOT,41748.28,IMP,618127.4,37.67,10.4
GBR,2015,MEN,TOT,41748.28,IMP,618127.4,11.86,19.0
GBR,2015,TOT,TOT,41748.28,IMP,618127.4,23.97,14.98
GBR,2015,WOMEN,TOT,41748.28,EXP,438126.4,37.67,10.4
GBR,2015,MEN,TOT,41748.28,EXP,438126.4,11.86,19.0
GBR,2015,TOT,TOT,41748.28,EXP,438126.4,23.97,14.98
GBR,2016,WOMEN,TOT,42757.05,IMP,582662.0,37.5,10.86
GBR,2016,MEN,TOT,42757.05,IMP,582662.0,11.65,19.44
GBR,2016,TOT,TOT,42757.05,IMP,582662.0,23.81,15.43
GBR,2016,WOMEN,TOT,42757.05,EXP,403633.0,37.5,10.86
GBR,2016,MEN,TOT,42757.05,EXP,403633.0,11.65,19.44
GBR,2016,TOT,TOT,42757.05,EXP,403633.0,23.81,15.43
GBR,2017,WOMEN,TOT,43313.95,IMP,613367.1,36.95,11.0
GBR,2017,MEN,TOT,43313.95,IMP,613367.1,11.46,19.22
GBR,2017,TOT,TOT,43313.95,IMP,613367.1,23.5,15.36
GBR,2017,WOMEN,TOT,43313.95,EXP,436372.1,36.95,11.0
GBR,2017,MEN,TOT,43313.95,EXP,436372.1,11.46,19.22
GBR,2017,TOT,TOT,43313.95,EXP,436372.1,23.5,15.36
CHL,2013,WOMEN,TOT,394291.94,IMP,74754.5,24.27,25.07
CHL,2013,MEN,TOT,394291.94,IMP,74754.5,11.31,25.66
CHL,2013,TOT,TOT,394291.94,IMP,74754.5,16.54,25.42
CHL,2013,WOMEN,TOT,394291.94,EXP,76769.94,24.27,25.07
CHL,2013,MEN,TOT,394291.94,EXP,76769.94,11.31,25.66
CHL,2013,TOT,TOT,394291.94,EXP,76769.94,16.54,25.42
CHL,2014,WOMEN,TOT,404733.22,IMP,68598.85,24.98,25.64
CHL,2014,MEN,TOT,404733.22,IMP,68598.85,11.46,26.04
CHL,2014,TOT,TOT,404733.22,IMP,68598.85,17.0,25.87
CHL,2014,WOMEN,TOT,404733.22,EXP,75064.7,24.98,25.64
CHL,2014,MEN,TOT,404733.22,EXP,75064.7,11.46,26.04
CHL,2014,TOT,TOT,404733.22,EXP,75064.7,17.0,25.87
CHL,2015,WOMEN,TOT,404737.22,IMP,58608.96,24.47,25.25
CHL,2015,MEN,TOT,404737.22,IMP,58608.96,11.51,25.93
CHL,2015,TOT,TOT,404737.22,IMP,58608.96,16.8,25.65
CHL,2015,WOMEN,TOT,404737.22,EXP,62035.09,24.47,25.25
CHL,2015,MEN,TOT,404737.22,EXP,62035.09,11.51,25.93
CHL,2015,TOT,TOT,404737.22,EXP,62035.09,16.8,25.65
CHL,2016,WOMEN,TOT,420457.03,IMP,55293.2,25.04,25.99
CHL,2016,MEN,TOT,420457.03,IMP,55293.2,12.2,26.81
CHL,2016,TOT,TOT,420457.03,IMP,55293.2,17.44,26.47
CHL,2016,WOMEN,TOT,420457.03,EXP,60733.44,25.04,25.99
CHL,2016,MEN,TOT,420457.03,EXP,60733.44,12.2,26.81
CHL,2016,TOT,TOT,420457.03,EXP,60733.44,17.44,26.47
CHL,2017,WOMEN,TOT,444777.64,IMP,61307.65,24.88,26.46
CHL,2017,MEN,TOT,444777.64,IMP,61307.65,12.49,28.11
CHL,2017,TOT,TOT,444777.64,IMP,61307.65,17.58,27.43
CHL,2017,WOMEN,TOT,444777.64,EXP,69229.87,24.88,26.46
CHL,2017,MEN,TOT,444777.64,EXP,69229.87,12.49,28.11
CHL,2017,TOT,TOT,444777.64,EXP,69229.87,17.58,27.43
CHL,2013,WOMEN,TOT,22352.53,IMP,74754.5,24.27,25.07
CHL,2013,MEN,TOT,22352.53,IMP,74754.5,11.31,25.66
CHL,2013,TOT,TOT,22352.53,IMP,74754.5,16.54,25.42
CHL,2013,WOMEN,TOT,22352.53,EXP,76769.94,24.27,25.07
CHL,2013,MEN,TOT,22352.53,EXP,76769.94,11.31,25.66
CHL,2013,TOT,TOT,22352.53,EXP,76769.94,16.54,25.42
CHL,2014,WOMEN,TOT,22691.63,IMP,68598.85,24.98,25.64
CHL,2014,MEN,TOT,22691.63,IMP,68598.85,11.46,26.04
CHL,2014,TOT,TOT,22691.63,IMP,68598.85,17.0,25.87
CHL,2014,WOMEN,TOT,22691.63,EXP,75064.7,24.98,25.64
CHL,2014,MEN,TOT,22691.63,EXP,75064.7,11.46,26.04
CHL,2014,TOT,TOT,22691.63,EXP,75064.7,17.0,25.87
CHL,2015,WOMEN,TOT,22429.7,IMP,58608.96,24.47,25.25
CHL,2015,MEN,TOT,22429.7,IMP,58608.96,11.51,25.93
CHL,2015,TOT,TOT,22429.7,IMP,58608.96,16.8,25.65
CHL,2015,WOMEN,TOT,22429.7,EXP,62035.09,24.47,25.25
CHL,2015,MEN,TOT,22429.7,EXP,62035.09,11.51,25.93
CHL,2015,TOT,TOT,22429.7,EXP,62035.09,16.8,25.65
CHL,2016,WOMEN,TOT,23003.91,IMP,55293.2,25.04,25.99
CHL,2016,MEN,TOT,23003.91,IMP,55293.2,12.2,26.81
CHL,2016,TOT,TOT,23003.91,IMP,55293.2,17.44,26.47
CHL,2016,WOMEN,TOT,23003.91,EXP,60733.44,25.04,25.99
CHL,2016,MEN,TOT,23003.91,EXP,60733.44,12.2,26.81
CHL,2016,TOT,TOT,23003.91,EXP,60733.44,17.44,26.47
CHL,2017,WOMEN,TOT,24012.91,IMP,61307.65,24.88,26.46
CHL,2017,MEN,TOT,24012.91,IMP,61307.65,12.49,28.11
CHL,2017,TOT,TOT,24012.91,IMP,61307.65,17.58,27.43
CHL,2017,WOMEN,TOT,24012.91,EXP,69229.87,24.88,26.46
CHL,2017,MEN,TOT,24012.91,EXP,69229.87,12.49,28.11
CHL,2017,TOT,TOT,24012.91,EXP,69229.87,17.58,27.43
COL,2013,WOMEN,TOT,602441.5,IMP,57103.07,28.39,52.1
COL,2013,MEN,TOT,602441.5,IMP,57103.07,10.21,52.94
COL,2013,TOT,TOT,602441.5,IMP,57103.07,17.79,53.26
COL,2013,WOMEN,TOT,602441.5,EXP,60282.3,28.39,52.1
COL,2013,MEN,TOT,602441.5,EXP,60282.3,10.21,52.94
COL,2013,TOT,TOT,602441.5,EXP,60282.3,17.79,53.26
COL,2014,WOMEN,TOT,640170.13,IMP,61539.34,26.63,50.72
COL,2014,MEN,TOT,640170.13,IMP,61539.34,9.21,52.5
COL,2014,TOT,TOT,640170.13,IMP,61539.34,16.49,52.38
COL,2014,WOMEN,TOT,640170.13,EXP,56898.75,26.63,50.72
COL,2014,MEN,TOT,640170.13,EXP,56898.75,9.21,52.5
COL,2014,TOT,TOT,640170.13,EXP,56898.75,16.49,52.38
COL,2015,WOMEN,TOT,666806.17,IMP,52050.75,26.97,49.98
COL,2015,MEN,TOT,666806.17,IMP,52050.75,9.07,52.27
COL,2015,TOT,TOT,666806.17,IMP,52050.75,16.58,51.84
COL,2015,WOMEN,TOT,666806.17,EXP,38572.11,26.97,49.98
COL,2015,MEN,TOT,666806.17,EXP,38572.11,9.07,52.27
COL,2015,TOT,TOT,666806.17,EXP,38572.11,16.58,51.84
COL,2016,WOMEN,TOT,683034.01,IMP,43238.95,26.1,49.85
COL,2016,MEN,TOT,683034.01,IMP,43238.95,8.48,52.4
COL,2016,TOT,TOT,683034.01,IMP,43238.95,15.88,51.79
COL,2016,WOMEN,TOT,683034.01,EXP,34090.74,26.1,49.85
COL,2016,MEN,TOT,683034.01,EXP,34090.74,8.48,52.4
COL,2016,TOT,TOT,683034.01,EXP,34090.74,15.88,51.79
COL,2017,TOT,TOT,714004.03,IMP,44247.18,15.88,51.92
COL,2017,TOT,TOT,714004.03,EXP,39596.55,15.88,51.92
COL,2013,WOMEN,TOT,12784.97,IMP,57103.07,28.39,52.1
COL,2013,MEN,TOT,12784.97,IMP,57103.07,10.21,52.94
COL,2013,TOT,TOT,12784.97,IMP,57103.07,17.79,53.26
COL,2013,WOMEN,TOT,12784.97,EXP,60282.3,28.39,52.1
COL,2013,MEN,TOT,12784.97,EXP,60282.3,10.21,52.94
COL,2013,TOT,TOT,12784.97,EXP,60282.3,17.79,53.26
COL,2014,WOMEN,TOT,13431.52,IMP,61539.34,26.63,50.72
COL,2014,MEN,TOT,13431.52,IMP,61539.34,9.21,52.5
COL,2014,TOT,TOT,13431.52,IMP,61539.34,16.49,52.38
COL,2014,WOMEN,TOT,13431.52,EXP,56898.75,26.63,50.72
COL,2014,MEN,TOT,13431.52,EXP,56898.75,9.21,52.5
COL,2014,TOT,TOT,13431.52,EXP,56898.75,16.49,52.38
COL,2015,WOMEN,TOT,13833.18,IMP,52050.75,26.97,49.98
COL,2015,MEN,TOT,13833.18,IMP,52050.75,9.07,52.27
COL,2015,TOT,TOT,13833.18,IMP,52050.75,16.58,51.84
COL,2015,WOMEN,TOT,13833.18,EXP,38572.11,26.97,49.98
COL,2015,MEN,TOT,13833.18,EXP,38572.11,9.07,52.27
COL,2015,TOT,TOT,13833.18,EXP,38572.11,16.58,51.84
COL,2016,WOMEN,TOT,14011.61,IMP,43238.95,26.1,49.85
COL,2016,MEN,TOT,14011.61,IMP,43238.95,8.48,52.4
COL,2016,TOT,TOT,14011.61,IMP,43238.95,15.88,51.79
COL,2016,WOMEN,TOT,14011.61,EXP,34090.74,26.1,49.85
COL,2016,MEN,TOT,14011.61,EXP,34090.74,8.48,52.4
COL,2016,TOT,TOT,14011.61,EXP,34090.74,15.88,51.79
COL,2017,TOT,TOT,14485.31,IMP,44247.18,15.88,51.92
COL,2017,TOT,TOT,14485.31,EXP,39596.55,15.88,51.92
ISR,2013,WOMEN,TOT,275061.99,IMP,70591.7,23.37,8.96
ISR,2013,MEN,TOT,275061.99,IMP,70591.7,9.4,15.78
ISR,2013,TOT,TOT,275061.99,IMP,70591.7,15.91,12.59
ISR,2013,WOMEN,TOT,275061.99,EXP,63063.0,23.37,8.96
ISR,2013,MEN,TOT,275061.99,EXP,63063.0,9.4,15.78
ISR,2013,TOT,TOT,275061.99,EXP,63063.0,15.91,12.59
ISR,2014,WOMEN,TOT,280044.82,IMP,71032.8,23.49,9.12
ISR,2014,MEN,TOT,280044.82,IMP,71032.8,9.42,15.55
ISR,2014,TOT,TOT,280044.82,IMP,71032.8,15.99,12.52
ISR,2014,WOMEN,TOT,280044.82,EXP,64218.7,23.49,9.12
ISR,2014,MEN,TOT,280044.82,EXP,64218.7,9.42,15.55
ISR,2014,TOT,TOT,280044.82,EXP,64218.7,15.99,12.52
ISR,2015,WOMEN,TOT,300752.77,IMP,60441.8,23.3,9.02
ISR,2015,MEN,TOT,300752.77,IMP,60441.8,9.39,15.85
ISR,2015,TOT,TOT,300752.77,IMP,60441.8,15.85,12.64
ISR,2015,WOMEN,TOT,300752.77,EXP,57203.1,23.3,9.02
ISR,2015,MEN,TOT,300752.77,EXP,57203.1,9.39,15.85
ISR,2015,TOT,TOT,300752.77,EXP,57203.1,15.85,12.64
ISR,2016,WOMEN,TOT,318408.81,IMP,63902.1,22.77,9.2
ISR,2016,MEN,TOT,318408.81,IMP,63902.1,9.12,15.97
ISR,2016,TOT,TOT,318408.81,IMP,63902.1,15.48,12.77
ISR,2016,WOMEN,TOT,318408.81,EXP,56137.0,22.77,9.2
ISR,2016,MEN,TOT,318408.81,EXP,56137.0,9.12,15.97
ISR,2016,TOT,TOT,318408.81,EXP,56137.0,15.48,12.77
ISR,2017,TOT,TOT,333351.04,IMP,68611.9,15.25,12.43
ISR,2017,TOT,TOT,333351.04,EXP,58668.6,15.25,12.43
ISR,2013,WOMEN,TOT,34143.74,IMP,70591.7,23.37,8.96
ISR,2013,MEN,TOT,34143.74,IMP,70591.7,9.4,15.78
ISR,2013,TOT,TOT,34143.74,IMP,70591.7,15.91,12.59
ISR,2013,WOMEN,TOT,34143.74,EXP,63063.0,23.37,8.96
ISR,2013,MEN,TOT,34143.74,EXP,63063.0,9.4,15.78
ISR,2013,TOT,TOT,34143.74,EXP,63063.0,15.91,12.59
ISR,2014,WOMEN,TOT,34101.49,IMP,71032.8,23.49,9.12
ISR,2014,MEN,TOT,34101.49,IMP,71032.8,9.42,15.55
ISR,2014,TOT,TOT,34101.49,IMP,71032.8,15.99,12.52
ISR,2014,WOMEN,TOT,34101.49,EXP,64218.7,23.49,9.12
ISR,2014,MEN,TOT,34101.49,EXP,64218.7,9.42,15.55
ISR,2014,TOT,TOT,34101.49,EXP,64218.7,15.99,12.52
ISR,2015,WOMEN,TOT,35901.78,IMP,60441.8,23.3,9.02
ISR,2015,MEN,TOT,35901.78,IMP,60441.8,9.39,15.85
ISR,2015,TOT,TOT,35901.78,IMP,60441.8,15.85,12.64
ISR,2015,WOMEN,TOT,35901.78,EXP,57203.1,23.3,9.02
ISR,2015,MEN,TOT,35901.78,EXP,57203.1,9.39,15.85
ISR,2015,TOT,TOT,35901.78,EXP,57203.1,15.85,12.64
ISR,2016,WOMEN,TOT,37269.57,IMP,63902.1,22.77,9.2
ISR,2016,MEN,TOT,37269.57,IMP,63902.1,9.12,15.97
ISR,2016,TOT,TOT,37269.57,IMP,63902.1,15.48,12.77
ISR,2016,WOMEN,TOT,37269.57,EXP,56137.0,22.77,9.2
ISR,2016,MEN,TOT,37269.57,EXP,56137.0,9.12,15.97
ISR,2016,TOT,TOT,37269.57,EXP,56137.0,15.48,12.77
ISR,2017,TOT,TOT,38276.62,IMP,68611.9,15.25,12.43
ISR,2017,TOT,TOT,38276.62,EXP,58668.6,15.25,12.43
RUS,2013,WOMEN,TOT,3765660.82,IMP,341269.2,5.76,6.4
RUS,2013,MEN,TOT,3765660.82,IMP,341269.2,2.91,8.12
RUS,2013,TOT,TOT,3765660.82,IMP,341269.2,4.3,7.28
RUS,2013,WOMEN,TOT,3765660.82,EXP,521835.5,5.76,6.4
RUS,2013,MEN,TOT,3765660.82,EXP,521835.5,2.91,8.12
RUS,2013,TOT,TOT,3765660.82,EXP,521835.5,4.3,7.28
RUS,2014,WOMEN,TOT,3768772.46,IMP,307875.4,5.35,6.25
RUS,2014,MEN,TOT,3768772.46,IMP,307875.4,2.74,8.13
RUS,2014,TOT,TOT,3768772.46,IMP,307875.4,4.01,7.21
RUS,2014,WOMEN,TOT,3768772.46,EXP,496806.1,5.35,6.25
RUS,2014,MEN,TOT,3768772.46,EXP,496806.1,2.74,8.13
RUS,2014,TOT,TOT,3768772.46,EXP,496806.1,4.01,7.21
RUS,2015,WOMEN,TOT,3615032.64,IMP,193021.1,5.63,6.27
RUS,2015,MEN,TOT,3615032.64,IMP,193021.1,2.89,8.1
RUS,2015,TOT,TOT,3615032.64,IMP,193021.1,4.22,7.21
RUS,2015,WOMEN,TOT,3615032.64,EXP,341419.1,5.63,6.27
RUS,2015,MEN,TOT,3615032.64,EXP,341419.1,2.89,8.1
RUS,2015,TOT,TOT,3615032.64,EXP,341419.1,4.22,7.21
RUS,2016,WOMEN,TOT,3635868.18,IMP,191494.3,5.56,6.37
RUS,2016,MEN,TOT,3635868.18,IMP,191494.3,3.1,8.56
RUS,2016,TOT,TOT,3635868.18,IMP,191494.3,4.3,7.49
RUS,2016,WOMEN,TOT,3635868.18,EXP,281709.0,5.56,6.37
RUS,2016,MEN,TOT,3635868.18,EXP,281709.0,3.1,8.56
RUS,2016,TOT,TOT,3635868.18,EXP,281709.0,4.3,7.49
RUS,2013,WOMEN,TOT,26240.26,IMP,341269.2,5.76,6.4
RUS,2013,MEN,TOT,26240.26,IMP,341269.2,2.91,8.12
RUS,2013,TOT,TOT,26240.26,IMP,341269.2,4.3,7.28
RUS,2013,WOMEN,TOT,26240.26,EXP,521835.5,5.76,6.4
RUS,2013,MEN,TOT,26240.26,EXP,521835.5,2.91,8.12
RUS,2013,TOT,TOT,26240.26,EXP,521835.5,4.3,7.28
RUS,2014,WOMEN,TOT,25797.5,IMP,307875.4,5.35,6.25
RUS,2014,MEN,TOT,25797.5,IMP,307875.4,2.74,8.13
RUS,2014,TOT,TOT,25797.5,IMP,307875.4,4.01,7.21
RUS,2014,WOMEN,TOT,25797.5,EXP,496806.1,5.35,6.25
RUS,2014,MEN,TOT,25797.5,EXP,496806.1,2.74,8.13
RUS,2014,TOT,TOT,25797.5,EXP,496806.1,4.01,7.21
RUS,2015,WOMEN,TOT,24691.83,IMP,193021.1,5.63,6.27
RUS,2015,MEN,TOT,24691.83,IMP,193021.1,2.89,8.1
RUS,2015,TOT,TOT,24691.83,IMP,193021.1,4.22,7.21
RUS,2015,WOMEN,TOT,24691.83,EXP,341419.1,5.63,6.27
RUS,2015,MEN,TOT,24691.83,EXP,341419.1,2.89,8.1
RUS,2015,TOT,TOT,24691.83,EXP,341419.1,4.22,7.21
RUS,2016,WOMEN,TOT,24788.68,IMP,191494.3,5.56,6.37
RUS,2016,MEN,TOT,24788.68,IMP,191494.3,3.1,8.56
RUS,2016,TOT,TOT,24788.68,IMP,191494.3,4.3,7.49
RUS,2016,WOMEN,TOT,24788.68,EXP,281709.0,5.56,6.37
RUS,2016,MEN,TOT,24788.68,EXP,281709.0,3.1,8.56
RUS,2016,TOT,TOT,24788.68,EXP,281709.0,4.3,7.49
SVN,2013,WOMEN,TOT,61380.05,IMP,27855.79,11.16,13.58
SVN,2013,MEN,TOT,61380.05,IMP,27855.79,6.43,19.62
SVN,2013,TOT,TOT,61380.05,IMP,27855.79,8.58,16.88
SVN,2013,WOMEN,TOT,61380.05,EXP,28796.19,11.16,13.58
SVN,2013,MEN,TOT,61380.05,EXP,28796.19,6.43,19.62
SVN,2013,TOT,TOT,61380.05,EXP,28796.19,8.58,16.88
SVN,2014,WOMEN,TOT,63620.56,IMP,28897.36,12.54,16.0
SVN,2014,MEN,TOT,63620.56,IMP,28897.36,7.13,20.72
SVN,2014,TOT,TOT,63620.56,IMP,28897.36,9.59,18.57
SVN,2014,WOMEN,TOT,63620.56,EXP,30464.71,12.54,16.0
SVN,2014,MEN,TOT,63620.56,EXP,30464.71,7.13,20.72
SVN,2014,TOT,TOT,63620.56,EXP,30464.71,9.59,18.57
SVN,2015,WOMEN,TOT,64935.93,IMP,25029.41,12.06,13.47
SVN,2015,MEN,TOT,64935.93,IMP,25029.41,6.75,19.03
SVN,2015,TOT,TOT,64935.93,IMP,25029.41,9.16,16.5
SVN,2015,WOMEN,TOT,64935.93,EXP,26666.99,12.06,13.47
SVN,2015,MEN,TOT,64935.93,EXP,26666.99,6.75,19.03
SVN,2015,TOT,TOT,64935.93,EXP,26666.99,9.16,16.5
SVN,2016,WOMEN,TOT,67574.53,IMP,25936.72,11.13,10.67
SVN,2016,MEN,TOT,67574.53,IMP,25936.72,5.22,17.24
SVN,2016,TOT,TOT,67574.53,IMP,25936.72,7.96,14.19
SVN,2016,WOMEN,TOT,67574.53,EXP,27635.75,11.13,10.67
SVN,2016,MEN,TOT,67574.53,EXP,27635.75,5.22,17.24
SVN,2016,TOT,TOT,67574.53,EXP,27635.75,7.96,14.19
SVN,2017,WOMEN,TOT,72063.83,IMP,30324.29,11.81,11.69
SVN,2017,MEN,TOT,72063.83,IMP,30324.29,6.12,17.07
SVN,2017,TOT,TOT,72063.83,IMP,30324.29,8.75,14.58
SVN,2017,WOMEN,TOT,72063.83,EXP,32084.06,11.81,11.69
SVN,2017,MEN,TOT,72063.83,EXP,32084.06,6.12,17.07
SVN,2017,TOT,TOT,72063.83,EXP,32084.06,8.75,14.58
SVN,2013,WOMEN,TOT,29802.65,IMP,27855.79,11.16,13.58
SVN,2013,MEN,TOT,29802.65,IMP,27855.79,6.43,19.62
SVN,2013,TOT,TOT,29802.65,IMP,27855.79,8.58,16.88
SVN,2013,WOMEN,TOT,29802.65,EXP,28796.19,11.16,13.58
SVN,2013,MEN,TOT,29802.65,EXP,28796.19,6.43,19.62
SVN,2013,TOT,TOT,29802.65,EXP,28796.19,8.58,16.88
SVN,2014,WOMEN,TOT,30856.8,IMP,28897.36,12.54,16.0
SVN,2014,MEN,TOT,30856.8,IMP,28897.36,7.13,20.72
SVN,2014,TOT,TOT,30856.8,IMP,28897.36,9.59,18.57
SVN,2014,WOMEN,TOT,30856.8,EXP,30464.71,12.54,16.0
SVN,2014,MEN,TOT,30856.8,EXP,30464.71,7.13,20.72
SVN,2014,TOT,TOT,30856.8,EXP,30464.71,9.59,18.57
SVN,2015,WOMEN,TOT,31471.88,IMP,25029.41,12.06,13.47
SVN,2015,MEN,TOT,31471.88,IMP,25029.41,6.75,19.03
SVN,2015,TOT,TOT,31471.88,IMP,25029.41,9.16,16.5
SVN,2015,WOMEN,TOT,31471.88,EXP,26666.99,12.06,13.47
SVN,2015,MEN,TOT,31471.88,EXP,26666.99,6.75,19.03
SVN,2015,TOT,TOT,31471.88,EXP,26666.99,9.16,16.5
SVN,2016,WOMEN,TOT,32729.61,IMP,25936.72,11.13,10.67
SVN,2016,MEN,TOT,32729.61,IMP,25936.72,5.22,17.24
SVN,2016,TOT,TOT,32729.61,IMP,25936.72,7.96,14.19
SVN,2016,WOMEN,TOT,32729.61,EXP,27635.75,11.13,10.67
SVN,2016,MEN,TOT,32729.61,EXP,27635.75,5.22,17.24
SVN,2016,TOT,TOT,32729.61,EXP,27635.75,7.96,14.19
SVN,2017,WOMEN,TOT,34886.08,IMP,30324.29,11.81,11.69
SVN,2017,MEN,TOT,34886.08,IMP,30324.29,6.12,17.07
SVN,2017,TOT,TOT,34886.08,IMP,30324.29,8.75,14.58
SVN,2017,WOMEN,TOT,34886.08,EXP,32084.06,11.81,11.69
SVN,2017,MEN,TOT,34886.08,EXP,32084.06,6.12,17.07
SVN,2017,TOT,TOT,34886.08,EXP,32084.06,8.75,14.58
EU28,2013,WOMEN,TOT,1.851160213E7,IMP,2179404.0,28.11,12.29
EU28,2013,MEN,TOT,1.851160213E7,IMP,2179404.0,8.34,20.09
EU28,2013,TOT,TOT,1.851160213E7,IMP,2179404.0,17.43,16.51
EU28,2013,WOMEN,TOT,1.851160213E7,EXP,2235009.0,28.11,12.29
EU28,2013,MEN,TOT,1.851160213E7,EXP,2235009.0,8.34,20.09
EU28,2013,TOT,TOT,1.851160213E7,EXP,2235009.0,17.43,16.51
EU28,2014,WOMEN,TOT,1.908386953E7,IMP,2187738.0,27.71,12.25
EU28,2014,MEN,TOT,1.908386953E7,IMP,2187738.0,8.39,19.97
EU28,2014,TOT,TOT,1.908386953E7,IMP,2187738.0,17.29,16.42
EU28,2014,WOMEN,TOT,1.908386953E7,EXP,2253855.0,27.71,12.25
EU28,2014,MEN,TOT,1.908386953E7,EXP,2253855.0,8.39,19.97
EU28,2014,TOT,TOT,1.908386953E7,EXP,2253855.0,17.29,16.42
EU28,2015,WOMEN,TOT,1.962492605E7,IMP,1891770.0,27.5,11.99
EU28,2015,MEN,TOT,1.962492605E7,IMP,1891770.0,8.45,19.58
EU28,2015,TOT,TOT,1.962492605E7,IMP,1891770.0,17.23,16.1
EU28,2015,WOMEN,TOT,1.962492605E7,EXP,2054994.0,27.5,11.99
EU28,2015,MEN,TOT,1.962492605E7,EXP,2054994.0,8.45,19.58
EU28,2015,TOT,TOT,1.962492605E7,EXP,2054994.0,17.23,16.1
EU28,2016,WOMEN,TOT,2.027377444E7,IMP,1821831.0,27.19,11.83
EU28,2016,MEN,TOT,2.027377444E7,IMP,1821831.0,8.28,19.23
EU28,2016,TOT,TOT,2.027377444E7,IMP,1821831.0,17.0,15.83
EU28,2016,WOMEN,TOT,2.027377444E7,EXP,2006761.0,27.19,11.83
EU28,2016,MEN,TOT,2.027377444E7,EXP,2006761.0,8.28,19.23
EU28,2016,TOT,TOT,2.027377444E7,EXP,2006761.0,17.0,15.83
EU28,2017,WOMEN,TOT,2.108465673E7,IMP,2040908.0,26.95,11.6
EU28,2017,MEN,TOT,2.108465673E7,IMP,2040908.0,8.2,18.89
EU28,2017,TOT,TOT,2.108465673E7,IMP,2040908.0,16.85,15.54
EU28,2017,WOMEN,TOT,2.108465673E7,EXP,2195760.0,26.95,11.6
EU28,2017,MEN,TOT,2.108465673E7,EXP,2195760.0,8.2,18.89
EU28,2017,TOT,TOT,2.108465673E7,EXP,2195760.0,16.85,15.54
EU28,2013,WOMEN,TOT,36506.69,IMP,2179404.0,28.11,12.29
EU28,2013,MEN,TOT,36506.69,IMP,2179404.0,8.34,20.09
EU28,2013,TOT,TOT,36506.69,IMP,2179404.0,17.43,16.51
EU28,2013,WOMEN,TOT,36506.69,EXP,2235009.0,28.11,12.29
EU28,2013,MEN,TOT,36506.69,EXP,2235009.0,8.34,20.09
EU28,2013,TOT,TOT,36506.69,EXP,2235009.0,17.43,16.51
EU28,2014,WOMEN,TOT,37547.77,IMP,2187738.0,27.71,12.25
EU28,2014,MEN,TOT,37547.77,IMP,2187738.0,8.39,19.97
EU28,2014,TOT,TOT,37547.77,IMP,2187738.0,17.29,16.42
EU28,2014,WOMEN,TOT,37547.77,EXP,2253855.0,27.71,12.25
EU28,2014,MEN,TOT,37547.77,EXP,2253855.0,8.39,19.97
EU28,2014,TOT,TOT,37547.77,EXP,2253855.0,17.29,16.42
EU28,2015,WOMEN,TOT,38503.12,IMP,1891770.0,27.5,11.99
EU28,2015,MEN,TOT,38503.12,IMP,1891770.0,8.45,19.58
EU28,2015,TOT,TOT,38503.12,IMP,1891770.0,17.23,16.1
EU28,2015,WOMEN,TOT,38503.12,EXP,2054994.0,27.5,11.99
EU28,2015,MEN,TOT,38503.12,EXP,2054994.0,8.45,19.58
EU28,2015,TOT,TOT,38503.12,EXP,2054994.0,17.23,16.1
EU28,2016,WOMEN,TOT,39652.94,IMP,1821831.0,27.19,11.83
EU28,2016,MEN,TOT,39652.94,IMP,1821831.0,8.28,19.23
EU28,2016,TOT,TOT,39652.94,IMP,1821831.0,17.0,15.83
EU28,2016,WOMEN,TOT,39652.94,EXP,2006761.0,27.19,11.83
EU28,2016,MEN,TOT,39652.94,EXP,2006761.0,8.28,19.23
EU28,2016,TOT,TOT,39652.94,EXP,2006761.0,17.0,15.83
EU28,2017,WOMEN,TOT,41135.45,IMP,2040908.0,26.95,11.6
EU28,2017,MEN,TOT,41135.45,IMP,2040908.0,8.2,18.89
EU28,2017,TOT,TOT,41135.45,IMP,2040908.0,16.85,15.54
EU28,2017,WOMEN,TOT,41135.45,EXP,2195760.0,26.95,11.6
EU28,2017,MEN,TOT,41135.45,EXP,2195760.0,8.2,18.89
EU28,2017,TOT,TOT,41135.45,EXP,2195760.0,16.85,15.54
LVA,2013,TOT,TOT,45639.61,IMP,16503.01,7.65,11.55
LVA,2013,TOT,TOT,45639.61,EXP,13023.45,7.65,11.55
LVA,2014,TOT,TOT,47467.81,IMP,16745.5,6.56,11.54
LVA,2014,TOT,TOT,47467.81,EXP,13589.05,6.56,11.54
LVA,2013,TOT,TOT,22674.54,IMP,16503.01,7.65,11.55
LVA,2013,TOT,TOT,22674.54,EXP,13023.45,7.65,11.55
LVA,2014,TOT,TOT,23802.34,IMP,16745.5,6.56,11.54
LVA,2014,TOT,TOT,23802.34,EXP,13589.05,6.56,11.54
BRA,2013,WOMEN,TOT,3232120.16,IMP,241188.7,24.66,26.81
BRA,2013,MEN,TOT,3232120.16,IMP,241188.7,10.23,34.39
BRA,2013,TOT,TOT,3232120.16,IMP,241188.7,16.38,31.15
BRA,2013,WOMEN,TOT,3232120.16,EXP,241577.3,24.66,26.81
BRA,2013,MEN,TOT,3232120.16,EXP,241577.3,10.23,34.39
BRA,2013,TOT,TOT,3232120.16,EXP,241577.3,16.38,31.15
BRA,2014,WOMEN,TOT,3306567.32,IMP,230727.0,25.6,28.26
BRA,2014,MEN,TOT,3306567.32,IMP,230727.0,10.57,35.34
BRA,2014,TOT,TOT,3306567.32,IMP,230727.0,17.06,32.28
BRA,2014,WOMEN,TOT,3306567.32,EXP,224097.8,25.6,28.26
BRA,2014,MEN,TOT,3306567.32,EXP,224097.8,10.57,35.34
BRA,2014,TOT,TOT,3306567.32,EXP,224097.8,17.06,32.28
BRA,2015,WOMEN,TOT,3213604.32,IMP,172422.2,26.52,28.22
BRA,2015,MEN,TOT,3213604.32,IMP,172422.2,11.51,36.48
BRA,2015,TOT,TOT,3213604.32,IMP,172422.2,17.92,32.94
BRA,2015,WOMEN,TOT,3213604.32,EXP,190092.0,26.52,28.22
BRA,2015,MEN,TOT,3213604.32,EXP,190092.0,11.51,36.48
BRA,2015,TOT,TOT,3213604.32,EXP,190092.0,17.92,32.94
BRA,2013,WOMEN,TOT,16076.91,IMP,241188.7,24.66,26.81
BRA,2013,MEN,TOT,16076.91,IMP,241188.7,10.23,34.39
BRA,2013,TOT,TOT,16076.91,IMP,241188.7,16.38,31.15
BRA,2013,WOMEN,TOT,16076.91,EXP,241577.3,24.66,26.81
BRA,2013,MEN,TOT,16076.91,EXP,241577.3,10.23,34.39
BRA,2013,TOT,TOT,16076.91,EXP,241577.3,16.38,31.15
BRA,2014,WOMEN,TOT,16305.95,IMP,230727.0,25.6,28.26
BRA,2014,MEN,TOT,16305.95,IMP,230727.0,10.57,35.34
BRA,2014,TOT,TOT,16305.95,IMP,230727.0,17.06,32.28
BRA,2014,WOMEN,TOT,16305.95,EXP,224097.8,25.6,28.26
BRA,2014,MEN,TOT,16305.95,EXP,224097.8,10.57,35.34
BRA,2014,TOT,TOT,16305.95,EXP,224097.8,17.06,32.28
BRA,2015,WOMEN,TOT,15716.77,IMP,172422.2,26.52,28.22
BRA,2015,MEN,TOT,15716.77,IMP,172422.2,11.51,36.48
BRA,2015,TOT,TOT,15716.77,IMP,172422.2,17.92,32.94
BRA,2015,WOMEN,TOT,15716.77,EXP,190092.0,26.52,28.22
BRA,2015,MEN,TOT,15716.77,EXP,190092.0,11.51,36.48
BRA,2015,TOT,TOT,15716.77,EXP,190092.0,17.92,32.94
LTU,2013,WOMEN,TOT,78853.76,IMP,33076.95,9.69,9.66
LTU,2013,TOT,TOT,78853.76,IMP,33076.95,7.25,11.77
LTU,2013,WOMEN,TOT,78853.76,EXP,31856.99,9.69,9.66
LTU,2013,TOT,TOT,78853.76,EXP,31856.99,7.25,11.77
LTU,2014,WOMEN,TOT,82617.25,IMP,32779.84,9.59,10.24
LTU,2014,MEN,TOT,82617.25,IMP,32779.84,4.81,14.04
LTU,2014,TOT,TOT,82617.25,IMP,32779.84,7.24,12.1
LTU,2014,WOMEN,TOT,82617.25,EXP,31535.92,9.59,10.24
LTU,2014,MEN,TOT,82617.25,EXP,31535.92,4.81,14.04
LTU,2014,TOT,TOT,82617.25,EXP,31535.92,7.24,12.1
LTU,2015,WOMEN,TOT,83613.58,IMP,26952.39,9.26,10.03
LTU,2015,MEN,TOT,83613.58,IMP,26952.39,4.14,14.6
LTU,2015,TOT,TOT,83613.58,IMP,26952.39,6.75,12.27
LTU,2015,WOMEN,TOT,83613.58,EXP,24748.29,9.26,10.03
LTU,2015,MEN,TOT,83613.58,EXP,24748.29,4.14,14.6
LTU,2015,TOT,TOT,83613.58,EXP,24748.29,6.75,12.27
LTU,2016,WOMEN,TOT,85652.1,IMP,26197.98,9.26,9.54
LTU,2016,TOT,TOT,85652.1,IMP,26197.98,6.95,12.33
LTU,2016,WOMEN,TOT,85652.1,EXP,24242.35,9.26,9.54
LTU,2016,TOT,TOT,85652.1,EXP,24242.35,6.95,12.33
LTU,2017,WOMEN,TOT,90748.99,IMP,31454.41,9.31,9.38
LTU,2017,TOT,TOT,90748.99,IMP,31454.41,7.04,12.01
LTU,2017,WOMEN,TOT,90748.99,EXP,29009.62,9.31,9.38
LTU,2017,TOT,TOT,90748.99,EXP,29009.62,7.04,12.01
LTU,2013,WOMEN,TOT,26660.6,IMP,33076.95,9.69,9.66
LTU,2013,TOT,TOT,26660.6,IMP,33076.95,7.25,11.77
LTU,2013,WOMEN,TOT,26660.6,EXP,31856.99,9.69,9.66
LTU,2013,TOT,TOT,26660.6,EXP,31856.99,7.25,11.77
LTU,2014,WOMEN,TOT,28174.25,IMP,32779.84,9.59,10.24
LTU,2014,MEN,TOT,28174.25,IMP,32779.84,4.81,14.04
LTU,2014,TOT,TOT,28174.25,IMP,32779.84,7.24,12.1
LTU,2014,WOMEN,TOT,28174.25,EXP,31535.92,9.59,10.24
LTU,2014,MEN,TOT,28174.25,EXP,31535.92,4.81,14.04
LTU,2014,TOT,TOT,28174.25,EXP,31535.92,7.24,12.1
LTU,2015,WOMEN,TOT,28783.54,IMP,26952.39,9.26,10.03
LTU,2015,MEN,TOT,28783.54,IMP,26952.39,4.14,14.6
LTU,2015,TOT,TOT,28783.54,IMP,26952.39,6.75,12.27
LTU,2015,WOMEN,TOT,28783.54,EXP,24748.29,9.26,10.03
LTU,2015,MEN,TOT,28783.54,EXP,24748.29,4.14,14.6
LTU,2015,TOT,TOT,28783.54,EXP,24748.29,6.75,12.27
LTU,2016,WOMEN,TOT,29862.34,IMP,26197.98,9.26,9.54
LTU,2016,TOT,TOT,29862.34,IMP,26197.98,6.95,12.33
LTU,2016,WOMEN,TOT,29862.34,EXP,24242.35,9.26,9.54
LTU,2016,TOT,TOT,29862.34,EXP,24242.35,6.95,12.33
LTU,2017,WOMEN,TOT,32154.47,IMP,31454.41,9.31,9.38
LTU,2017,TOT,TOT,32154.47,IMP,31454.41,7.04,12.01
LTU,2017,WOMEN,TOT,32154.47,EXP,29009.62,9.31,9.38
LTU,2017,TOT,TOT,32154.47,EXP,29009.62,7.04,12.01
